date,admin1,admin2,market,market_id,latitude,longitude,category,commodity,commodity_id,unit,priceflag,pricetype,currency,price,usdprice
2000-03-15,Region XI,Davao del Sur,Davao City,180,7.18,125.44,cereals and tubers,"Rice (regular, milled)",80,KG,actual,Retail,PHP,17.0,0.42
2000-03-15,Region XII,South Cotabato,Koronadal,181,6.5,124.85,cereals and tubers,"Rice (milled, superior)",593,KG,actual,Retail,PHP,18.5,0.45
2000-04-15,National Capital region,Metropolitan Manila,Metro Manila,167,14.6,120.98,cereals and tubers,"Rice (milled, superior)",593,KG,actual,Retail,PHP,20.0,0.49
2000-04-15,Region VII,Cebu,Cebu City,176,10.31,123.89,"meat, fish and eggs",Meat (pork),140,KG,actual,Retail,PHP,100.6,2.44
2000-06-15,Region XI,Davao del Sur,Davao City,180,7.18,125.44,cereals and tubers,"Rice (milled, superior)",593,KG,actual,Retail,PHP,19.0,0.45
2000-07-15,Region XI,Davao del Sur,Davao City,180,7.18,125.44,cereals and tubers,Maize flour (yellow),573,KG,actual,Wholesale,PHP,11.4,0.26
2000-09-15,Region XI,Davao del Sur,Davao City,180,7.18,125.44,cereals and tubers,Maize flour (yellow),573,KG,actual,Wholesale,PHP,10.1,0.22
2000-09-15,Region XII,South Cotabato,Koronadal,181,6.5,124.85,cereals and tubers,Maize (white),67,KG,actual,Wholesale,PHP,7.1,0.16
2000-09-15,Region XII,South Cotabato,Koronadal,181,6.5,124.85,cereals and tubers,"Rice (regular, milled)",80,KG,actual,Wholesale,PHP,15.7,0.34
2000-10-15,National Capital region,Metropolitan Manila,Metro Manila,167,14.6,120.98,cereals and tubers,"Rice (regular, milled)",80,KG,actual,Wholesale,PHP,17.75,0.37
2000-11-15,Region VI,Iloilo,Iloilo City,175,10.7,122.56,cereals and tubers,"Rice (regular, milled)",80,KG,actual,Retail,PHP,19.0,0.38
2000-12-15,Region VII,Cebu,Cebu City,176,10.31,123.89,cereals and tubers,"Rice (regular, milled)",80,KG,actual,Wholesale,PHP,15.7,0.31
2000-12-15,Region XII,South Cotabato,Koronadal,181,6.5,124.85,cereals and tubers,Maize (white),67,KG,actual,Wholesale,PHP,7.4,0.15
2001-02-15,Region VII,Cebu,Cebu City,176,10.31,123.89,cereals and tubers,"Rice (milled, superior)",593,KG,actual,Wholesale,PHP,17.45,0.37
2001-02-15,Region XI,Davao del Sur,Davao City,180,7.18,125.44,cereals and tubers,"Rice (milled, superior)",593,KG,actual,Retail,PHP,19.0,0.4
2001-03-15,Region III,Nueva Ecija,Palayan,171,15.54,121.08,cereals and tubers,"Rice (milled, superior)",593,KG,actual,Retail,PHP,21.0,0.43
2001-03-15,Region VI,Iloilo,Iloilo City,175,10.7,122.56,cereals and tubers,"Rice (regular, milled)",80,KG,actual,Retail,PHP,18.6,0.38
2001-04-15,Region XI,Davao del Sur,Davao City,180,7.18,125.44,cereals and tubers,"Rice (regular, milled)",80,KG,actual,Wholesale,PHP,15.0,0.3
2001-05-15,National Capital region,Metropolitan Manila,Metro Manila,167,14.6,120.98,cereals and tubers,"Rice (regular, milled)",80,KG,actual,Wholesale,PHP,16.35,0.33
2001-06-15,Region VI,Iloilo,Iloilo City,175,10.7,122.56,"meat, fish and eggs",Meat (pork),140,KG,actual,Retail,PHP,92.6,1.81
2001-06-15,Region VII,Cebu,Cebu City,176,10.31,123.89,"meat, fish and eggs",Meat (pork),140,KG,actual,Retail,PHP,105.5,2.06
2001-06-15,Region XI,Davao del Sur,Davao City,180,7.18,125.44,"meat, fish and eggs",Meat (pork),140,KG,actual,Retail,PHP,89.2,1.74
2001-06-15,Region XI,Davao del Sur,Davao City,180,7.18,125.44,cereals and tubers,"Rice (milled, superior)",593,KG,actual,Wholesale,PHP,17.0,0.33
2001-07-15,Region VII,Cebu,Cebu City,176,10.31,123.89,cereals and tubers,"Rice (milled, superior)",593,KG,actual,Wholesale,PHP,17.8,0.33
2001-10-15,Region VI,Iloilo,Iloilo City,175,10.7,122.56,cereals and tubers,"Rice (regular, milled)",80,KG,actual,Retail,PHP,19.0,0.37
2001-12-15,National Capital region,Metropolitan Manila,Metro Manila,167,14.6,120.98,cereals and tubers,"Rice (regular, milled)",80,KG,actual,Retail,PHP,18.0,0.35
2001-12-15,National Capital region,Metropolitan Manila,Metro Manila,167,14.6,120.98,"meat, fish and eggs",Meat (pork),140,KG,actual,Retail,PHP,114.49,2.2
2001-12-15,National Capital region,Metropolitan Manila,Metro Manila,167,14.6,120.98,cereals and tubers,"Rice (milled, superior)",593,KG,actual,Retail,PHP,20.0,0.38
2002-01-15,National Capital region,Metropolitan Manila,Metro Manila,167,14.6,120.98,cereals and tubers,"Rice (regular, milled)",80,KG,actual,Wholesale,PHP,15.43,0.3
2002-01-15,Region XI,Davao del Sur,Davao City,180,7.18,125.44,cereals and tubers,"Rice (regular, milled)",80,KG,actual,Retail,PHP,15.75,0.31
2002-02-15,Region VII,Cebu,Cebu City,176,10.31,123.89,cereals and tubers,Maize flour (white),134,KG,actual,Wholesale,PHP,13.7,0.27
2002-04-15,Region III,Nueva Ecija,Palayan,171,15.54,121.08,cereals and tubers,"Rice (milled, superior)",593,KG,actual,Wholesale,PHP,20.0,0.39
2002-09-15,Region VII,Cebu,Cebu City,176,10.31,123.89,"meat, fish and eggs",Meat (pork),140,KG,actual,Retail,PHP,105.5,2.02
2002-10-15,Region VII,Cebu,Cebu City,176,10.31,123.89,cereals and tubers,"Rice (regular, milled)",80,KG,actual,Retail,PHP,18.25,0.34
2002-10-15,Region XI,Davao del Sur,Davao City,180,7.18,125.44,cereals and tubers,Maize flour (yellow),573,KG,actual,Wholesale,PHP,10.83,0.2
2002-11-15,Region VI,Iloilo,Iloilo City,175,10.7,122.56,cereals and tubers,"Rice (regular, milled)",80,KG,actual,Wholesale,PHP,14.4,0.27
2002-11-15,Region VII,Cebu,Cebu City,176,10.31,123.89,cereals and tubers,"Rice (milled, superior)",593,KG,actual,Wholesale,PHP,19.0,0.36
2002-12-15,Region III,Nueva Ecija,Palayan,171,15.54,121.08,"meat, fish and eggs",Meat (pork),140,KG,actual,Retail,PHP,96.0,1.79
2002-12-15,Region VII,Cebu,Cebu City,176,10.31,123.89,cereals and tubers,"Rice (regular, milled)",80,KG,actual,Retail,PHP,17.5,0.33
2003-01-15,Region VI,Iloilo,Iloilo City,175,10.7,122.56,cereals and tubers,"Rice (regular, milled)",80,KG,actual,Wholesale,PHP,15.0,0.28
2003-02-15,National Capital region,Metropolitan Manila,Metro Manila,167,14.6,120.98,cereals and tubers,"Rice (regular, milled)",80,KG,actual,Retail,PHP,18.34,0.34
2003-02-15,Region XII,South Cotabato,Koronadal,181,6.5,124.85,cereals and tubers,"Rice (regular, milled)",80,KG,actual,Retail,PHP,17.0,0.31
2003-04-15,Region XI,Davao del Sur,Davao City,180,7.18,125.44,cereals and tubers,"Rice (regular, milled)",80,KG,actual,Retail,PHP,17.25,0.33
2003-05-15,Region XI,Davao del Sur,Davao City,180,7.18,125.44,cereals and tubers,"Rice (regular, milled)",80,KG,actual,Retail,PHP,18.3,0.35
2003-06-15,National Capital region,Metropolitan Manila,Metro Manila,167,14.6,120.98,cereals and tubers,"Rice (regular, milled)",80,KG,actual,Retail,PHP,18.46,0.35
2003-06-15,Region III,Nueva Ecija,Palayan,171,15.54,121.08,"meat, fish and eggs",Meat (pork),140,KG,actual,Retail,PHP,96.0,1.8
2003-07-15,Region VII,Cebu,Cebu City,176,10.31,123.89,cereals and tubers,"Rice (milled, superior)",593,KG,actual,Wholesale,PHP,18.8,0.35
2003-09-15,Region XII,South Cotabato,Koronadal,181,6.5,124.85,cereals and tubers,"Rice (milled, superior)",593,KG,actual,Wholesale,PHP,15.95,0.29
2003-12-15,Region XI,Davao del Sur,Davao City,180,7.18,125.44,cereals and tubers,"Rice (regular, milled)",80,KG,actual,Wholesale,PHP,15.35,0.28
2003-12-15,Region XI,Davao del Sur,Davao City,180,7.18,125.44,cereals and tubers,"Rice (milled, superior)",593,KG,actual,Wholesale,PHP,18.25,0.33
2004-01-15,Region XI,Davao del Sur,Davao City,180,7.18,125.44,cereals and tubers,Maize flour (white),134,KG,actual,Wholesale,PHP,13.08,0.24
2004-01-15,Region XII,South Cotabato,Koronadal,181,6.5,124.85,cereals and tubers,"Rice (regular, milled)",80,KG,actual,Wholesale,PHP,15.44,0.28
2004-02-15,Region VII,Cebu,Cebu City,176,10.31,123.89,cereals and tubers,"Rice (regular, milled)",80,KG,actual,Wholesale,PHP,17.02,0.3
2004-08-15,Region XI,Davao del Sur,Davao City,180,7.18,125.44,cereals and tubers,"Rice (regular, milled)",80,KG,actual,Wholesale,PHP,20.0,0.36
2004-08-15,Region XII,South Cotabato,Koronadal,181,6.5,124.85,"meat, fish and eggs",Meat (pork),140,KG,actual,Retail,PHP,101.79,1.83
2004-09-15,Region VII,Cebu,Cebu City,176,10.31,123.89,cereals and tubers,"Rice (regular, milled)",80,KG,actual,Wholesale,PHP,17.95,0.32
2005-02-15,Region III,Nueva Ecija,Palayan,171,15.54,121.08,cereals and tubers,"Rice (milled, superior)",593,KG,actual,Wholesale,PHP,19.0,0.35
2005-02-15,Region XI,Davao del Sur,Davao City,180,7.18,125.44,cereals and tubers,"Rice (milled, superior)",593,KG,actual,Retail,PHP,23.0,0.42
2005-03-15,Region XI,Davao del Sur,Davao City,180,7.18,125.44,"meat, fish and eggs",Meat (pork),140,KG,actual,Retail,PHP,107.84,2.0
2005-03-15,Region XII,South Cotabato,Koronadal,181,6.5,124.85,cereals and tubers,Maize (white),67,KG,actual,Wholesale,PHP,10.6,0.2
2005-04-15,National Capital region,Metropolitan Manila,Metro Manila,167,14.6,120.98,cereals and tubers,"Rice (regular, milled)",80,KG,actual,Retail,PHP,21.24,0.39
2005-04-15,Region VI,Iloilo,Iloilo City,175,10.7,122.56,"meat, fish and eggs",Meat (pork),140,KG,actual,Retail,PHP,120.0,2.2
2005-04-15,Region XI,Davao del Sur,Davao City,180,7.18,125.44,cereals and tubers,"Rice (milled, superior)",593,KG,actual,Retail,PHP,24.0,0.44
2005-08-15,Region III,Nueva Ecija,Palayan,171,15.54,121.08,cereals and tubers,"Rice (regular, milled)",80,KG,actual,Retail,PHP,22.0,0.39
2005-08-15,Region III,Nueva Ecija,Palayan,171,15.54,121.08,cereals and tubers,"Rice (milled, superior)",593,KG,actual,Wholesale,PHP,21.0,0.38
2005-12-15,Region VI,Iloilo,Iloilo City,175,10.7,122.56,cereals and tubers,"Rice (regular, milled)",80,KG,actual,Wholesale,PHP,17.44,0.33
2005-12-15,Region XII,South Cotabato,Koronadal,181,6.5,124.85,cereals and tubers,"Rice (regular, milled)",80,KG,actual,Retail,PHP,18.0,0.34
2006-01-15,Region XI,Davao del Sur,Davao City,180,7.18,125.44,cereals and tubers,"Rice (regular, milled)",80,KG,actual,Wholesale,PHP,18.75,0.36
2006-02-15,Region XI,Davao del Sur,Davao City,180,7.18,125.44,cereals and tubers,Maize flour (white),134,KG,actual,Wholesale,PHP,16.19,0.31
2006-03-15,National Capital region,Metropolitan Manila,Metro Manila,167,14.6,120.98,cereals and tubers,"Rice (milled, superior)",593,KG,actual,Retail,PHP,23.53,0.46
2006-04-15,Region VII,Cebu,Cebu City,176,10.31,123.89,cereals and tubers,"Rice (milled, superior)",593,KG,actual,Retail,PHP,24.4,0.48
2006-07-15,Region VII,Cebu,Cebu City,176,10.31,123.89,"meat, fish and eggs",Meat (pork),140,KG,actual,Retail,PHP,133.5,2.55
2006-08-15,National Capital region,Metropolitan Manila,Metro Manila,167,14.6,120.98,cereals and tubers,"Rice (regular, milled)",80,KG,actual,Wholesale,PHP,19.7,0.38
2006-08-15,Region XI,Davao del Sur,Davao City,180,7.18,125.44,cereals and tubers,Maize flour (white),134,KG,actual,Wholesale,PHP,16.0,0.31
2006-12-15,Region III,Nueva Ecija,Palayan,171,15.54,121.08,cereals and tubers,"Rice (milled, superior)",593,KG,actual,Retail,PHP,23.0,0.47
2007-04-15,Region VI,Iloilo,Iloilo City,175,10.7,122.56,"meat, fish and eggs",Meat (pork),140,KG,actual,Retail,PHP,118.0,2.48
2007-05-15,Region VII,Cebu,Cebu City,176,10.31,123.89,cereals and tubers,"Rice (regular, milled)",80,KG,actual,Retail,PHP,23.0,0.49
2007-06-15,National Capital region,Metropolitan Manila,Metro Manila,167,14.6,120.98,cereals and tubers,"Rice (milled, superior)",593,KG,actual,Wholesale,PHP,21.55,0.47
2007-08-15,Region XI,Davao del Sur,Davao City,180,7.18,125.44,cereals and tubers,"Rice (regular, milled)",80,KG,actual,Wholesale,PHP,21.0,0.46
2007-09-15,Region VII,Cebu,Cebu City,176,10.31,123.89,"meat, fish and eggs",Meat (pork),140,KG,actual,Retail,PHP,134.71,2.91
2007-09-15,Region XI,Davao del Sur,Davao City,180,7.18,125.44,cereals and tubers,"Rice (milled, superior)",593,KG,actual,Wholesale,PHP,25.12,0.54
2007-10-15,Region XI,Davao del Sur,Davao City,180,7.18,125.44,cereals and tubers,Maize flour (white),134,KG,actual,Wholesale,PHP,15.83,0.36
2007-11-15,Region III,Nueva Ecija,Palayan,171,15.54,121.08,cereals and tubers,"Rice (milled, superior)",593,KG,actual,Wholesale,PHP,22.0,0.51
2007-12-15,Region III,Nueva Ecija,Palayan,171,15.54,121.08,cereals and tubers,"Rice (milled, superior)",593,KG,actual,Wholesale,PHP,22.0,0.54
2007-12-15,Region XI,Davao del Sur,Davao City,180,7.18,125.44,cereals and tubers,"Rice (regular, milled)",80,KG,actual,Retail,PHP,22.6,0.55
2008-02-15,Region X,Lanao del Norte,Tubod,179,8.22,124.25,cereals and tubers,Rice (paddy),203,KG,actual,Farm Gate,PHP,12.8,0.32
2008-02-15,Autonomous region in Muslim Mindanao,Maguindanao,Shariff Aguak,183,6.86,124.44,cereals and tubers,Rice (paddy),203,KG,actual,Farm Gate,PHP,11.41,0.28
2008-03-15,Region II,Cagayan,Tuguegarao City,170,17.61,121.73,cereals and tubers,Potatoes (Irish),148,KG,actual,Retail,PHP,32.07,0.77
2008-03-15,Region XI,Davao del Sur,Davao City,180,7.18,125.44,cereals and tubers,"Rice (regular, milled)",80,KG,actual,Wholesale,PHP,24.48,0.59
2008-04-15,Region I,Pangasinan,Lingayen,169,16.02,120.23,cereals and tubers,Rice (paddy),203,KG,actual,Farm Gate,PHP,16.01,0.38
2008-04-15,Region V,Albay,Legazpi City,174,13.14,123.73,cereals and tubers,Rice (paddy),203,KG,actual,Farm Gate,PHP,14.63,0.35
2008-04-15,Region VI,Iloilo,Iloilo City,175,10.7,122.56,cereals and tubers,Rice (paddy),203,KG,actual,Farm Gate,PHP,15.29,0.36
2008-04-15,Region VIII,Southern Leyte,Catarman,177,10.14,125.0,vegetables and fruits,Onions (red),110,KG,actual,Retail,PHP,60.0,1.43
2008-05-15,Region I,Pangasinan,Lingayen,169,16.02,120.23,vegetables and fruits,Garlic,105,KG,actual,Retail,PHP,138.62,3.26
2008-05-15,Region IV-B,Palawan,Puerto Princesa,173,9.74,118.74,cereals and tubers,Rice (paddy),203,KG,actual,Farm Gate,PHP,14.82,0.35
2008-05-15,Region V,Albay,Legazpi City,174,13.14,123.73,vegetables and fruits,Tomatoes,114,KG,actual,Retail,PHP,39.29,0.92
2008-05-15,Region IX,Zamboanga del Sur,Zamboanga City,178,6.91,122.07,cereals and tubers,Rice (paddy),203,KG,actual,Farm Gate,PHP,17.87,0.42
2008-06-15,Region I,Pangasinan,Lingayen,169,16.02,120.23,cereals and tubers,Rice (paddy),203,KG,actual,Farm Gate,PHP,18.56,0.42
2008-06-15,Region IV-B,Palawan,Puerto Princesa,173,9.74,118.74,cereals and tubers,Potatoes (Irish),148,KG,actual,Retail,PHP,48.46,1.09
2008-08-15,Region V,Albay,Legazpi City,174,13.14,123.73,vegetables and fruits,Tomatoes,114,KG,actual,Retail,PHP,41.47,0.92
2008-09-15,Region III,Nueva Ecija,Palayan,171,15.54,121.08,cereals and tubers,Rice (paddy),203,KG,actual,Farm Gate,PHP,12.78,0.27
2008-09-15,Region XI,Davao del Sur,Davao City,180,7.18,125.44,cereals and tubers,Rice (paddy),203,KG,actual,Farm Gate,PHP,11.27,0.24
2008-10-15,National Capital region,Metropolitan Manila,Metro Manila,167,14.6,120.98,cereals and tubers,Sweet potatoes,87,KG,actual,Retail,PHP,27.43,0.58
2008-10-15,Region X,Lanao del Norte,Tubod,179,8.22,124.25,cereals and tubers,Rice (paddy),203,KG,actual,Farm Gate,PHP,12.6,0.27
2008-11-15,Region III,Nueva Ecija,Palayan,171,15.54,121.08,cereals and tubers,Rice (paddy),203,KG,actual,Farm Gate,PHP,13.82,0.28
2008-11-15,Region XII,South Cotabato,Koronadal,181,6.5,124.85,cereals and tubers,Rice (paddy),203,KG,actual,Farm Gate,PHP,13.56,0.28
2008-11-15,Autonomous region in Muslim Mindanao,Maguindanao,Shariff Aguak,183,6.86,124.44,vegetables and fruits,Cabbage,181,KG,actual,Retail,PHP,26.75,0.54
2009-01-15,National Capital region,Metropolitan Manila,Metro Manila,167,14.6,120.98,"meat, fish and eggs",Eggs,92,Unit,actual,Retail,PHP,4.37,0.092
2009-01-15,Region II,Cagayan,Tuguegarao City,170,17.61,121.73,cereals and tubers,Rice (paddy),203,KG,actual,Farm Gate,PHP,14.38,0.3
2009-01-15,Region VIII,Southern Leyte,Catarman,177,10.14,125.0,cereals and tubers,Rice (paddy),203,KG,actual,Farm Gate,PHP,13.94,0.3
2009-02-15,Region IV-B,Palawan,Puerto Princesa,173,9.74,118.74,cereals and tubers,Rice (paddy),203,KG,actual,Farm Gate,PHP,14.42,0.31
2009-02-15,Region VII,Cebu,Cebu City,176,10.31,123.89,cereals and tubers,Maize flour (white),134,KG,actual,Wholesale,PHP,29.69,0.63
2009-02-15,Region VIII,Southern Leyte,Catarman,177,10.14,125.0,"meat, fish and eggs",Eggs,92,Unit,actual,Retail,PHP,5.38,0.11
2009-03-15,Region IX,Zamboanga del Sur,Zamboanga City,178,6.91,122.07,cereals and tubers,Rice (paddy),203,KG,actual,Farm Gate,PHP,12.96,0.27
2009-03-15,Region XII,South Cotabato,Koronadal,181,6.5,124.85,cereals and tubers,Rice (paddy),203,KG,actual,Farm Gate,PHP,16.51,0.34
2009-04-15,Region VII,Cebu,Cebu City,176,10.31,123.89,cereals and tubers,Potatoes (Irish),148,KG,actual,Retail,PHP,44.7,0.94
2009-04-15,Region VIII,Southern Leyte,Catarman,177,10.14,125.0,"meat, fish and eggs","Meat (chicken, whole)",125,KG,actual,Retail,PHP,136.36,2.86
2009-04-15,Region VIII,Southern Leyte,Catarman,177,10.14,125.0,"meat, fish and eggs",Meat (pork),140,KG,actual,Retail,PHP,150.0,3.15
2009-05-15,Region I,Pangasinan,Lingayen,169,16.02,120.23,cereals and tubers,Rice (paddy),203,KG,actual,Farm Gate,PHP,16.7,0.35
2009-05-15,Region IV-A,Rizal,Santa Cruz,172,14.61,121.17,"meat, fish and eggs",Eggs,92,Unit,actual,Retail,PHP,4.12,0.087
2009-05-15,Region V,Albay,Legazpi City,174,13.14,123.73,cereals and tubers,Rice (paddy),203,KG,actual,Farm Gate,PHP,12.99,0.27
2009-05-15,Region IX,Zamboanga del Sur,Zamboanga City,178,6.91,122.07,cereals and tubers,Rice (paddy),203,KG,actual,Farm Gate,PHP,13.85,0.29
2009-05-15,Region X,Lanao del Norte,Tubod,179,8.22,124.25,vegetables and fruits,Onions (white),111,KG,actual,Retail,PHP,73.67,1.55
2009-07-15,Region II,Cagayan,Tuguegarao City,170,17.61,121.73,cereals and tubers,Rice (paddy),203,KG,actual,Farm Gate,PHP,15.78,0.33
2009-07-15,Region XII,South Cotabato,Koronadal,181,6.5,124.85,cereals and tubers,Rice (paddy),203,KG,actual,Farm Gate,PHP,15.61,0.33
2009-07-15,Autonomous region in Muslim Mindanao,Maguindanao,Shariff Aguak,183,6.86,124.44,cereals and tubers,Rice (paddy),203,KG,actual,Farm Gate,PHP,8.02,0.17
2009-08-15,Region III,Nueva Ecija,Palayan,171,15.54,121.08,cereals and tubers,Rice (paddy),203,KG,actual,Farm Gate,PHP,16.41,0.34
2009-10-15,Cordillera Administrative region,Benguet,La Trinidad,168,16.45,120.59,cereals and tubers,Potatoes (Irish),148,KG,actual,Retail,PHP,74.09,1.6
2009-10-15,Region XI,Davao del Sur,Davao City,180,7.18,125.44,cereals and tubers,Sweet potatoes,87,KG,actual,Retail,PHP,18.52,0.4
2009-11-15,Region II,Cagayan,Tuguegarao City,170,17.61,121.73,cereals and tubers,Rice (paddy),203,KG,actual,Farm Gate,PHP,13.8,0.3
2009-11-15,Region IV-B,Palawan,Puerto Princesa,173,9.74,118.74,cereals and tubers,Rice (paddy),203,KG,actual,Farm Gate,PHP,13.28,0.29
2009-11-15,Region VI,Iloilo,Iloilo City,175,10.7,122.56,cereals and tubers,"Rice (regular, milled)",80,KG,actual,Wholesale,PHP,25.93,0.56
2009-11-15,Region X,Lanao del Norte,Tubod,179,8.22,124.25,cereals and tubers,Rice (paddy),203,KG,actual,Farm Gate,PHP,14.19,0.3
2009-12-15,Region I,Pangasinan,Lingayen,169,16.02,120.23,vegetables and fruits,Onions (white),111,KG,actual,Retail,PHP,63.98,1.39
2009-12-15,Region IV-B,Palawan,Puerto Princesa,173,9.74,118.74,"meat, fish and eggs",Eggs,92,Unit,actual,Retail,PHP,4.98,0.11
2009-12-15,Region XI,Davao del Sur,Davao City,180,7.18,125.44,vegetables and fruits,Onions (red),110,KG,actual,Retail,PHP,93.4,2.03
2010-01-15,National Capital region,Metropolitan Manila,Metro Manila,167,14.6,120.98,cereals and tubers,Sweet potatoes,87,KG,actual,Retail,PHP,32.27,0.7
2010-01-15,Region I,Pangasinan,Lingayen,169,16.02,120.23,cereals and tubers,Rice (paddy),203,KG,actual,Farm Gate,PHP,16.02,0.35
2010-01-15,Region IX,Zamboanga del Sur,Zamboanga City,178,6.91,122.07,cereals and tubers,Rice (paddy),203,KG,actual,Farm Gate,PHP,14.06,0.31
2010-02-15,National Capital region,Metropolitan Manila,Metro Manila,167,14.6,120.98,cereals and tubers,"Rice (milled, superior)",593,KG,actual,Retail,PHP,35.0,0.76
2010-02-15,Region II,Cagayan,Tuguegarao City,170,17.61,121.73,vegetables and fruits,Tomatoes,114,KG,actual,Retail,PHP,9.37,0.2
2010-02-15,Autonomous region in Muslim Mindanao,Maguindanao,Shariff Aguak,183,6.86,124.44,cereals and tubers,Rice (paddy),203,KG,actual,Farm Gate,PHP,13.94,0.3
2010-03-15,Region II,Cagayan,Tuguegarao City,170,17.61,121.73,cereals and tubers,Rice (paddy),203,KG,actual,Farm Gate,PHP,15.82,0.35
2010-03-15,Region VI,Iloilo,Iloilo City,175,10.7,122.56,cereals and tubers,Rice (paddy),203,KG,actual,Farm Gate,PHP,14.74,0.32
2010-03-15,Region X,Lanao del Norte,Tubod,179,8.22,124.25,cereals and tubers,Rice (paddy),203,KG,actual,Farm Gate,PHP,16.87,0.37
2010-04-15,Region III,Nueva Ecija,Palayan,171,15.54,121.08,cereals and tubers,Potatoes (Irish),148,KG,actual,Retail,PHP,44.33,1.0
2010-04-15,Region V,Albay,Legazpi City,174,13.14,123.73,cereals and tubers,Rice (paddy),203,KG,actual,Farm Gate,PHP,13.17,0.3
2010-04-15,Region VIII,Southern Leyte,Catarman,177,10.14,125.0,"meat, fish and eggs",Eggs,92,Unit,actual,Retail,PHP,5.25,0.12
2010-06-15,Region V,Albay,Legazpi City,174,13.14,123.73,"meat, fish and eggs",Eggs,92,Unit,actual,Retail,PHP,4.96,0.11
2010-06-15,Autonomous region in Muslim Mindanao,Maguindanao,Shariff Aguak,183,6.86,124.44,"meat, fish and eggs",Eggs,92,Unit,actual,Retail,PHP,5.3,0.11
2010-07-15,Region IV-B,Palawan,Puerto Princesa,173,9.74,118.74,cereals and tubers,Rice (paddy),203,KG,actual,Farm Gate,PHP,16.06,0.35
2010-07-15,Region IX,Zamboanga del Sur,Zamboanga City,178,6.91,122.07,cereals and tubers,"Rice (regular, milled)",80,KG,actual,Retail,PHP,32.0,0.69
2010-07-15,Region XIII,Surigao del Sur,Tandag,182,9.08,126.2,"meat, fish and eggs","Meat (chicken, whole)",125,KG,actual,Retail,PHP,140.0,3.02
2010-08-15,Region IV-B,Palawan,Puerto Princesa,173,9.74,118.74,cereals and tubers,"Rice (regular, milled)",80,KG,actual,Retail,PHP,31.0,0.68
2010-08-15,Region XI,Davao del Sur,Davao City,180,7.18,125.44,vegetables and fruits,Onions (red),110,KG,actual,Retail,PHP,62.43,1.38
2010-09-15,Region IV-B,Palawan,Puerto Princesa,173,9.74,118.74,cereals and tubers,Rice (paddy),203,KG,actual,Farm Gate,PHP,14.53,0.33
2010-10-15,Region II,Cagayan,Tuguegarao City,170,17.61,121.73,cereals and tubers,Rice (paddy),203,KG,actual,Farm Gate,PHP,14.55,0.34
2010-10-15,Region VI,Iloilo,Iloilo City,175,10.7,122.56,"meat, fish and eggs",Meat (pork),140,KG,actual,Retail,PHP,156.17,3.61
2010-11-15,Region V,Albay,Legazpi City,174,13.14,123.73,cereals and tubers,Rice (paddy),203,KG,actual,Farm Gate,PHP,12.33,0.28
2010-11-15,Autonomous region in Muslim Mindanao,Maguindanao,Shariff Aguak,183,6.86,124.44,vegetables and fruits,Onions (red),110,KG,actual,Retail,PHP,72.0,1.65
2010-12-15,Region I,Pangasinan,Lingayen,169,16.02,120.23,cereals and tubers,Rice (paddy),203,KG,actual,Farm Gate,PHP,14.46,0.33
2010-12-15,Region VI,Iloilo,Iloilo City,175,10.7,122.56,cereals and tubers,Rice (paddy),203,KG,actual,Farm Gate,PHP,11.33,0.26
2010-12-15,Region X,Lanao del Norte,Tubod,179,8.22,124.25,cereals and tubers,Rice (paddy),203,KG,actual,Farm Gate,PHP,16.0,0.36
2010-12-15,Region XI,Davao del Sur,Davao City,180,7.18,125.44,cereals and tubers,Rice (paddy),203,KG,actual,Farm Gate,PHP,13.41,0.31
2011-01-15,Region III,Nueva Ecija,Palayan,171,15.54,121.08,cereals and tubers,"Rice (regular, milled)",80,KG,actual,Retail,PHP,32.0,0.72
2011-02-15,Region I,Pangasinan,Lingayen,169,16.02,120.23,"meat, fish and eggs",Fish (fresh),401,KG,actual,Retail,PHP,106.93,2.45
2011-02-15,Region IX,Zamboanga del Sur,Zamboanga City,178,6.91,122.07,"meat, fish and eggs",Fish (fresh),401,KG,actual,Retail,PHP,73.83,1.69
2011-02-15,Region X,Lanao del Norte,Tubod,179,8.22,124.25,vegetables and fruits,Cabbage,181,KG,actual,Retail,PHP,36.74,0.84
2011-03-15,Cordillera Administrative region,Benguet,La Trinidad,168,16.45,120.59,vegetables and fruits,Cabbage,181,KG,actual,Retail,PHP,42.71,0.98
2011-03-15,Region IX,Zamboanga del Sur,Zamboanga City,178,6.91,122.07,"meat, fish and eggs","Meat (beef, chops with bones)",123,KG,actual,Retail,PHP,168.62,3.85
2011-05-15,Region XI,Davao del Sur,Davao City,180,7.18,125.44,vegetables and fruits,Carrots,166,KG,actual,Retail,PHP,50.72,1.17
2011-06-15,Region IV-B,Palawan,Puerto Princesa,173,9.74,118.74,"meat, fish and eggs","Meat (chicken, whole)",125,KG,actual,Retail,PHP,150.0,3.46
2011-07-15,Region VII,Cebu,Cebu City,176,10.31,123.89,"meat, fish and eggs",Eggs,92,Unit,actual,Retail,PHP,4.5,0.1
2011-07-15,Autonomous region in Muslim Mindanao,Maguindanao,Shariff Aguak,183,6.86,124.44,"meat, fish and eggs",Eggs,92,Unit,actual,Retail,PHP,5.1,0.12
2011-08-15,Region I,Pangasinan,Lingayen,169,16.02,120.23,"meat, fish and eggs",Fish (fresh),401,KG,actual,Retail,PHP,106.28,2.51
2011-08-15,Region IV-B,Palawan,Puerto Princesa,173,9.74,118.74,"meat, fish and eggs","Meat (beef, chops with bones)",123,KG,actual,Retail,PHP,182.44,4.3
2011-08-15,Region VI,Iloilo,Iloilo City,175,10.7,122.56,cereals and tubers,"Rice (milled, superior)",593,KG,actual,Retail,PHP,38.0,0.9
2011-10-15,Region IX,Zamboanga del Sur,Zamboanga City,178,6.91,122.07,"meat, fish and eggs",Eggs,92,Unit,actual,Retail,PHP,5.45,0.13
2011-10-15,Region XI,Davao del Sur,Davao City,180,7.18,125.44,vegetables and fruits,Carrots,166,KG,actual,Retail,PHP,50.02,1.16
2011-11-15,Region VII,Cebu,Cebu City,176,10.31,123.89,"meat, fish and eggs",Fish (fresh),401,KG,actual,Retail,PHP,99.59,2.3
2011-12-15,Region X,Lanao del Norte,Tubod,179,8.22,124.25,"meat, fish and eggs",Eggs,92,Unit,actual,Retail,PHP,4.92,0.11
2012-01-15,Region IV-B,Palawan,Puerto Princesa,173,9.74,118.74,cereals and tubers,Rice (paddy),203,KG,actual,Farm Gate,PHP,14.97,0.34
2012-01-15,Region VI,Iloilo,Iloilo City,175,10.7,122.56,cereals and tubers,Rice (paddy),203,KG,actual,Farm Gate,PHP,14.4,0.33
2012-02-15,Region XI,Davao del Sur,Davao City,180,7.18,125.44,cereals and tubers,Rice (paddy),203,KG,actual,Farm Gate,PHP,15.47,0.36
2012-03-15,National Capital region,Metropolitan Manila,Metro Manila,167,14.6,120.98,"meat, fish and eggs",Eggs,92,Unit,actual,Retail,PHP,4.61,0.11
2012-03-15,Cordillera Administrative region,Benguet,La Trinidad,168,16.45,120.59,cereals and tubers,Sweet potatoes,87,KG,actual,Retail,PHP,47.08,1.09
2012-03-15,Cordillera Administrative region,Benguet,La Trinidad,168,16.45,120.59,vegetables and fruits,Garlic,105,KG,actual,Retail,PHP,176.54,4.1
2012-03-15,Region III,Nueva Ecija,Palayan,171,15.54,121.08,"meat, fish and eggs","Meat (beef, chops with bones)",123,KG,actual,Retail,PHP,240.0,5.58
2012-03-15,Region III,Nueva Ecija,Palayan,171,15.54,121.08,cereals and tubers,Rice (paddy),203,KG,actual,Farm Gate,PHP,17.19,0.4
2012-03-15,Region V,Albay,Legazpi City,174,13.14,123.73,cereals and tubers,"Rice (regular, milled)",80,KG,actual,Retail,PHP,30.0,0.7
2012-03-15,Region X,Lanao del Norte,Tubod,179,8.22,124.25,cereals and tubers,Sweet potatoes,87,KG,actual,Retail,PHP,15.29,0.36
2012-03-15,Region XII,South Cotabato,Koronadal,181,6.5,124.85,cereals and tubers,Rice (paddy),203,KG,actual,Farm Gate,PHP,17.93,0.42
2012-03-15,Region XIII,Surigao del Sur,Tandag,182,9.08,126.2,"meat, fish and eggs","Meat (chicken, whole)",125,KG,actual,Retail,PHP,130.0,3.02
2012-04-15,Region II,Cagayan,Tuguegarao City,170,17.61,121.73,"meat, fish and eggs",Meat (pork),140,KG,actual,Retail,PHP,175.15,4.11
2012-04-15,Region VI,Iloilo,Iloilo City,175,10.7,122.56,cereals and tubers,"Rice (milled, superior)",593,KG,actual,Wholesale,PHP,31.0,0.73
2012-05-15,Region I,Pangasinan,Lingayen,169,16.02,120.23,cereals and tubers,Sweet potatoes,87,KG,actual,Retail,PHP,20.83,0.49
2012-05-15,Region IV-B,Palawan,Puerto Princesa,173,9.74,118.74,"meat, fish and eggs",Meat (pork),140,KG,actual,Retail,PHP,196.0,4.59
2012-05-15,Region IV-B,Palawan,Puerto Princesa,173,9.74,118.74,cereals and tubers,Rice (paddy),203,KG,actual,Farm Gate,PHP,16.74,0.39
2012-05-15,Region V,Albay,Legazpi City,174,13.14,123.73,cereals and tubers,"Rice (regular, milled)",80,KG,actual,Retail,PHP,30.0,0.7
2012-05-15,Region V,Albay,Legazpi City,174,13.14,123.73,vegetables and fruits,Onions (white),111,KG,actual,Retail,PHP,64.67,1.52
2012-05-15,Region IX,Zamboanga del Sur,Zamboanga City,178,6.91,122.07,cereals and tubers,Rice (paddy),203,KG,actual,Farm Gate,PHP,14.99,0.35
2012-05-15,Region XI,Davao del Sur,Davao City,180,7.18,125.44,cereals and tubers,Rice (paddy),203,KG,actual,Farm Gate,PHP,15.38,0.36
2012-05-15,Region XI,Davao del Sur,Davao City,180,7.18,125.44,pulses and nuts,Beans (mung),393,KG,actual,Retail,PHP,80.63,1.89
2012-06-15,Region IV-B,Palawan,Puerto Princesa,173,9.74,118.74,"meat, fish and eggs",Fish (fresh),401,KG,actual,Retail,PHP,68.92,1.63
2012-06-15,Region V,Albay,Legazpi City,174,13.14,123.73,cereals and tubers,Rice (paddy),203,KG,actual,Farm Gate,PHP,15.08,0.36
2012-06-15,Region VII,Cebu,Cebu City,176,10.31,123.89,cereals and tubers,"Rice (regular, milled)",80,KG,actual,Wholesale,PHP,30.0,0.71
2012-06-15,Region XI,Davao del Sur,Davao City,180,7.18,125.44,cereals and tubers,Potatoes (Irish),148,KG,actual,Retail,PHP,63.6,1.51
2012-06-15,Autonomous region in Muslim Mindanao,Maguindanao,Shariff Aguak,183,6.86,124.44,cereals and tubers,Rice (paddy),203,KG,actual,Farm Gate,PHP,15.39,0.36
2012-07-15,Cordillera Administrative region,Benguet,La Trinidad,168,16.45,120.59,vegetables and fruits,Garlic,105,KG,actual,Retail,PHP,176.46,4.22
2012-07-15,Region I,Pangasinan,Lingayen,169,16.02,120.23,cereals and tubers,Rice (paddy),203,KG,actual,Farm Gate,PHP,18.02,0.43
2012-07-15,Region III,Nueva Ecija,Palayan,171,15.54,121.08,cereals and tubers,Rice (paddy),203,KG,actual,Farm Gate,PHP,19.5,0.47
2012-07-15,Region IV-B,Palawan,Puerto Princesa,173,9.74,118.74,"meat, fish and eggs",Eggs,92,Unit,actual,Retail,PHP,4.96,0.12
2012-07-15,Region IX,Zamboanga del Sur,Zamboanga City,178,6.91,122.07,"meat, fish and eggs","Meat (chicken, whole)",125,KG,actual,Retail,PHP,114.57,2.74
2012-07-15,Region X,Lanao del Norte,Tubod,179,8.22,124.25,pulses and nuts,Groundnuts (unshelled),118,KG,actual,Retail,PHP,91.92,2.2
2012-07-15,Autonomous region in Muslim Mindanao,Maguindanao,Shariff Aguak,183,6.86,124.44,cereals and tubers,Rice (paddy),203,KG,actual,Farm Gate,PHP,16.04,0.38
2012-08-15,National Capital region,Metropolitan Manila,Metro Manila,167,14.6,120.98,vegetables and fruits,Carrots,166,KG,actual,Retail,PHP,80.47,1.91
2012-08-15,Region X,Lanao del Norte,Tubod,179,8.22,124.25,pulses and nuts,Beans (mung),393,KG,actual,Retail,PHP,63.69,1.51
2012-08-15,Region XII,South Cotabato,Koronadal,181,6.5,124.85,vegetables and fruits,Onions (white),111,KG,actual,Retail,PHP,65.0,1.54
2012-08-15,Region XIII,Surigao del Sur,Tandag,182,9.08,126.2,vegetables and fruits,Carrots,166,KG,actual,Retail,PHP,74.14,1.76
2012-09-15,Region I,Pangasinan,Lingayen,169,16.02,120.23,cereals and tubers,Rice (paddy),203,KG,actual,Farm Gate,PHP,17.51,0.42
2012-09-15,Region V,Albay,Legazpi City,174,13.14,123.73,cereals and tubers,Rice (paddy),203,KG,actual,Farm Gate,PHP,13.38,0.32
2012-09-15,Region VI,Iloilo,Iloilo City,175,10.7,122.56,"meat, fish and eggs","Meat (beef, chops with bones)",123,KG,actual,Retail,PHP,178.0,4.3
2012-09-15,Region X,Lanao del Norte,Tubod,179,8.22,124.25,vegetables and fruits,Carrots,166,KG,actual,Retail,PHP,39.28,0.95
2012-10-15,Region I,Pangasinan,Lingayen,169,16.02,120.23,vegetables and fruits,Carrots,166,KG,actual,Retail,PHP,39.98,0.97
2012-10-15,Region IX,Zamboanga del Sur,Zamboanga City,178,6.91,122.07,"meat, fish and eggs","Meat (beef, chops with bones)",123,KG,actual,Retail,PHP,165.86,4.01
2012-10-15,Region XI,Davao del Sur,Davao City,180,7.18,125.44,"meat, fish and eggs","Meat (chicken, whole)",125,KG,actual,Retail,PHP,126.09,3.05
2012-11-15,Region I,Pangasinan,Lingayen,169,16.02,120.23,cereals and tubers,Rice (paddy),203,KG,actual,Farm Gate,PHP,16.59,0.4
2012-11-15,Region IX,Zamboanga del Sur,Zamboanga City,178,6.91,122.07,cereals and tubers,Rice (paddy),203,KG,actual,Farm Gate,PHP,15.4,0.37
2012-12-15,Region III,Nueva Ecija,Palayan,171,15.54,121.08,cereals and tubers,Rice (paddy),203,KG,actual,Farm Gate,PHP,18.19,0.44
2012-12-15,Region X,Lanao del Norte,Tubod,179,8.22,124.25,cereals and tubers,Rice (paddy),203,KG,actual,Farm Gate,PHP,16.03,0.39
2013-01-15,Region IV-A,Rizal,Santa Cruz,172,14.61,121.17,cereals and tubers,Rice (paddy),203,KG,actual,Farm Gate,PHP,15.03,0.37
2013-01-15,Region IX,Zamboanga del Sur,Zamboanga City,178,6.91,122.07,"meat, fish and eggs",Eggs,92,Unit,actual,Retail,PHP,5.5,0.14
2013-01-15,Region XIII,Surigao del Sur,Tandag,182,9.08,126.2,"meat, fish and eggs","Meat (chicken, whole)",125,KG,actual,Retail,PHP,146.5,3.61
2013-02-15,Region XI,Davao del Sur,Davao City,180,7.18,125.44,cereals and tubers,Rice (paddy),203,KG,actual,Farm Gate,PHP,13.76,0.34
2013-03-15,Region XI,Davao del Sur,Davao City,180,7.18,125.44,cereals and tubers,Rice (paddy),203,KG,actual,Farm Gate,PHP,14.21,0.35
2013-04-15,Region IV-B,Palawan,Puerto Princesa,173,9.74,118.74,cereals and tubers,Sweet potatoes,87,KG,actual,Retail,PHP,22.23,0.54
2013-07-15,Region II,Cagayan,Tuguegarao City,170,17.61,121.73,cereals and tubers,"Rice (regular, milled)",80,KG,actual,Retail,PHP,32.13,0.74
2013-07-15,Region V,Albay,Legazpi City,174,13.14,123.73,"meat, fish and eggs",Meat (pork),140,KG,actual,Retail,PHP,200.0,4.6
2013-07-15,Region IX,Zamboanga del Sur,Zamboanga City,178,6.91,122.07,vegetables and fruits,Onions (white),111,KG,actual,Retail,PHP,73.21,1.69
2013-09-15,Region VII,Cebu,Cebu City,176,10.31,123.89,cereals and tubers,"Rice (regular, milled)",80,KG,actual,Retail,PHP,36.75,0.84
2014-01-15,Region VI,Iloilo,Iloilo City,175,10.7,122.56,cereals and tubers,"Rice (milled, superior)",593,KG,actual,Wholesale,PHP,35.25,0.78
2014-09-15,Region II,Cagayan,Tuguegarao City,170,17.61,121.73,vegetables and fruits,Onions (white),111,KG,actual,Retail,PHP,60.6,1.37
2014-10-15,Region IV-A,Rizal,Santa Cruz,172,14.61,121.17,"meat, fish and eggs",Fish (fresh),401,KG,actual,Retail,PHP,133.78,2.98
2014-10-15,Region XII,South Cotabato,Koronadal,181,6.5,124.85,vegetables and fruits,Tomatoes,114,KG,actual,Retail,PHP,27.88,0.62
2014-10-15,Autonomous region in Muslim Mindanao,Maguindanao,Shariff Aguak,183,6.86,124.44,cereals and tubers,"Rice (regular, milled)",80,KG,actual,Retail,PHP,37.0,0.83
2014-11-15,Region III,Nueva Ecija,Palayan,171,15.54,121.08,vegetables and fruits,Carrots,166,KG,actual,Retail,PHP,49.35,1.1
2014-11-15,Region VI,Iloilo,Iloilo City,175,10.7,122.56,"meat, fish and eggs","Meat (beef, chops with bones)",123,KG,actual,Retail,PHP,192.0,4.27
2014-11-15,Region VI,Iloilo,Iloilo City,175,10.7,122.56,"meat, fish and eggs",Fish (fresh),401,KG,actual,Wholesale,PHP,103.94,2.31
2015-01-15,Region IV-A,Rizal,Santa Cruz,172,14.61,121.17,"meat, fish and eggs",Eggs,92,Unit,actual,Retail,PHP,6.68,0.15
2015-02-15,Region I,Pangasinan,Lingayen,169,16.02,120.23,vegetables and fruits,Onions (white),111,KG,actual,Retail,PHP,39.92,0.9
2015-02-15,Region I,Pangasinan,Lingayen,169,16.02,120.23,"meat, fish and eggs",Meat (pork),140,KG,actual,Retail,PHP,190.5,4.31
2015-03-15,Region VI,Iloilo,Iloilo City,175,10.7,122.56,cereals and tubers,"Rice (milled, superior)",593,KG,actual,Retail,PHP,47.0,1.06
2015-03-15,Region X,Lanao del Norte,Tubod,179,8.22,124.25,cereals and tubers,Sweet potatoes,87,KG,actual,Retail,PHP,20.17,0.45
2015-04-15,Cordillera Administrative region,Benguet,La Trinidad,168,16.45,120.59,"meat, fish and eggs",Fish (fresh),401,KG,actual,Retail,PHP,117.67,2.65
2015-04-15,Region IV-A,Rizal,Santa Cruz,172,14.61,121.17,vegetables and fruits,Tomatoes,114,KG,actual,Wholesale,PHP,12.71,0.29
2015-05-15,Region X,Lanao del Norte,Tubod,179,8.22,124.25,vegetables and fruits,Onions (red),110,KG,actual,Retail,PHP,57.93,1.31
2015-05-15,Region X,Lanao del Norte,Tubod,179,8.22,124.25,vegetables and fruits,Onions (white),111,KG,actual,Retail,PHP,88.97,2.0
2015-07-15,Region VIII,Southern Leyte,Catarman,177,10.14,125.0,vegetables and fruits,Onions (red),110,KG,actual,Retail,PHP,71.72,1.58
2015-08-15,Region IV-A,Rizal,Santa Cruz,172,14.61,121.17,"meat, fish and eggs",Meat (pork),140,KG,actual,Retail,PHP,196.38,4.25
2015-09-15,Region IX,Zamboanga del Sur,Zamboanga City,178,6.91,122.07,vegetables and fruits,Cabbage,181,KG,actual,Wholesale,PHP,50.63,1.08
2015-09-15,Region XIII,Surigao del Sur,Tandag,182,9.08,126.2,vegetables and fruits,Cabbage,181,KG,actual,Retail,PHP,57.23,1.23
2015-10-15,Region II,Cagayan,Tuguegarao City,170,17.61,121.73,vegetables and fruits,Tomatoes,114,KG,actual,Wholesale,PHP,26.88,0.59
2015-10-15,Region XII,South Cotabato,Koronadal,181,6.5,124.85,"meat, fish and eggs",Meat (pork),140,KG,actual,Retail,PHP,160.0,3.49
2015-11-15,Region II,Cagayan,Tuguegarao City,170,17.61,121.73,vegetables and fruits,Onions (red),110,KG,actual,Retail,PHP,96.77,2.05
2015-12-15,Region III,Nueva Ecija,Palayan,171,15.54,121.08,"meat, fish and eggs",Meat (pork),140,KG,actual,Retail,PHP,191.81,4.05
2016-01-15,Region VI,Iloilo,Iloilo City,175,10.7,122.56,cereals and tubers,"Rice (regular, milled)",80,KG,actual,Wholesale,PHP,31.38,0.66
2016-01-15,Region X,Lanao del Norte,Tubod,179,8.22,124.25,vegetables and fruits,Garlic,105,KG,actual,Retail,PHP,400.0,8.37
2016-02-15,Region VII,Cebu,Cebu City,176,10.31,123.89,vegetables and fruits,Carrots,166,KG,actual,Retail,PHP,51.43,1.09
2016-05-15,Region V,Albay,Legazpi City,174,13.14,123.73,"meat, fish and eggs",Meat (pork),140,KG,actual,Retail,PHP,200.0,4.3
2016-05-15,Region IX,Zamboanga del Sur,Zamboanga City,178,6.91,122.07,vegetables and fruits,Cabbage,181,KG,actual,Wholesale,PHP,55.88,1.2
2016-06-15,Region II,Cagayan,Tuguegarao City,170,17.61,121.73,vegetables and fruits,Cabbage,181,KG,actual,Wholesale,PHP,42.54,0.92
2016-06-15,Region XI,Davao del Sur,Davao City,180,7.18,125.44,"meat, fish and eggs",Meat (pork),140,KG,actual,Retail,PHP,180.0,3.89
2016-06-15,Autonomous region in Muslim Mindanao,Maguindanao,Shariff Aguak,183,6.86,124.44,cereals and tubers,Potatoes (Irish),148,KG,actual,Retail,PHP,79.92,1.73
2016-07-15,Region I,Pangasinan,Lingayen,169,16.02,120.23,"meat, fish and eggs",Eggs,92,Unit,actual,Wholesale,PHP,4.63,0.099
2016-07-15,Region I,Pangasinan,Lingayen,169,16.02,120.23,cereals and tubers,Potatoes (Irish),148,KG,actual,Retail,PHP,55.35,1.18
2016-07-15,Region XI,Davao del Sur,Davao City,180,7.18,125.44,"meat, fish and eggs",Eggs,92,Unit,actual,Wholesale,PHP,5.4,0.12
2016-08-15,Region II,Cagayan,Tuguegarao City,170,17.61,121.73,vegetables and fruits,Onions (white),111,KG,actual,Retail,PHP,57.44,1.24
2016-09-15,Region III,Nueva Ecija,Palayan,171,15.54,121.08,vegetables and fruits,Cabbage,181,KG,actual,Wholesale,PHP,23.06,0.48
2016-09-15,Region VII,Cebu,Cebu City,176,10.31,123.89,cereals and tubers,"Rice (regular, milled)",80,KG,actual,Wholesale,PHP,33.58,0.7
2016-09-15,Autonomous region in Muslim Mindanao,Maguindanao,Shariff Aguak,183,6.86,124.44,cereals and tubers,Sweet potatoes,87,KG,actual,Retail,PHP,42.31,0.89
2016-10-15,Autonomous region in Muslim Mindanao,Maguindanao,Shariff Aguak,183,6.86,124.44,"meat, fish and eggs",Meat (pork),140,KG,actual,Retail,PHP,168.0,3.47
2016-12-15,Region I,Pangasinan,Lingayen,169,16.02,120.23,vegetables and fruits,Cabbage,181,KG,actual,Wholesale,PHP,32.14,0.64
2016-12-15,Region X,Lanao del Norte,Tubod,179,8.22,124.25,vegetables and fruits,Carrots,166,KG,actual,Retail,PHP,51.69,1.03
2017-01-15,Region V,Albay,Legazpi City,174,13.14,123.73,cereals and tubers,"Rice (regular, milled)",80,KG,actual,Retail,PHP,36.31,0.73
2017-02-15,Region II,Cagayan,Tuguegarao City,170,17.61,121.73,"meat, fish and eggs",Fish (fresh),401,KG,actual,Wholesale,PHP,133.2,2.67
2017-02-15,Region VII,Cebu,Cebu City,176,10.31,123.89,"meat, fish and eggs",Fish (fresh),401,KG,actual,Wholesale,PHP,115.21,2.31
2017-02-15,Region VII,Cebu,Cebu City,176,10.31,123.89,cereals and tubers,"Rice (milled, superior)",593,KG,actual,Retail,PHP,41.48,0.83
2017-02-15,Region IX,Zamboanga del Sur,Zamboanga City,178,6.91,122.07,vegetables and fruits,Cabbage,181,KG,actual,Wholesale,PHP,46.77,0.94
2017-03-15,Region VII,Cebu,Cebu City,176,10.31,123.89,cereals and tubers,"Rice (regular, milled)",80,KG,actual,Wholesale,PHP,33.72,0.67
2017-03-15,Region VII,Cebu,Cebu City,176,10.31,123.89,vegetables and fruits,Carrots,166,KG,actual,Wholesale,PHP,52.84,1.06
2017-04-15,Region IX,Zamboanga del Sur,Zamboanga City,178,6.91,122.07,"meat, fish and eggs","Meat (beef, chops with bones)",123,KG,actual,Retail,PHP,150.0,3.03
2017-05-15,Region II,Cagayan,Tuguegarao City,170,17.61,121.73,vegetables and fruits,Cabbage,181,KG,actual,Retail,PHP,21.27,0.43
2017-05-15,Region IV-B,Palawan,Puerto Princesa,173,9.74,118.74,"meat, fish and eggs","Meat (beef, chops with bones)",123,KG,actual,Retail,PHP,203.57,4.1
2017-05-15,Region X,Lanao del Norte,Tubod,179,8.22,124.25,pulses and nuts,Beans (mung),393,KG,actual,Retail,PHP,81.77,1.65
2017-07-15,National Capital region,Metropolitan Manila,Metro Manila,167,14.6,120.98,"meat, fish and eggs",Meat (pork),140,KG,actual,Retail,PHP,216.07,4.27
2017-07-15,Region I,Pangasinan,Lingayen,169,16.02,120.23,vegetables and fruits,Tomatoes,114,KG,actual,Retail,PHP,30.48,0.6
2017-07-15,Region I,Pangasinan,Lingayen,169,16.02,120.23,vegetables and fruits,Carrots,166,KG,actual,Retail,PHP,46.0,0.91
2017-07-15,Region V,Albay,Legazpi City,174,13.14,123.73,vegetables and fruits,Onions (white),111,KG,actual,Retail,PHP,77.78,1.54
2017-08-15,Region I,Pangasinan,Lingayen,169,16.02,120.23,cereals and tubers,"Rice (regular, milled)",80,KG,actual,Retail,PHP,36.48,0.71
2017-08-15,Region II,Cagayan,Tuguegarao City,170,17.61,121.73,vegetables and fruits,Carrots,166,KG,actual,Retail,PHP,48.54,0.94
2017-08-15,Region IV-B,Palawan,Puerto Princesa,173,9.74,118.74,"meat, fish and eggs",Eggs,92,Unit,actual,Retail,PHP,6.0,0.12
2017-09-15,Region IX,Zamboanga del Sur,Zamboanga City,178,6.91,122.07,"meat, fish and eggs",Eggs,92,Unit,actual,Retail,PHP,6.0,0.12
2017-09-15,Autonomous region in Muslim Mindanao,Maguindanao,Shariff Aguak,183,6.86,124.44,"meat, fish and eggs","Meat (beef, chops with bones)",123,KG,actual,Retail,PHP,172.0,3.35
2017-10-15,Cordillera Administrative region,Benguet,La Trinidad,168,16.45,120.59,vegetables and fruits,Onions (white),111,KG,actual,Retail,PHP,122.62,2.4
2017-10-15,Region XI,Davao del Sur,Davao City,180,7.18,125.44,vegetables and fruits,Carrots,166,KG,actual,Wholesale,PHP,75.6,1.48
2017-11-15,Cordillera Administrative region,Benguet,La Trinidad,168,16.45,120.59,"meat, fish and eggs",Meat (pork),140,KG,actual,Retail,PHP,220.0,4.33
2017-11-15,Region XIII,Surigao del Sur,Tandag,182,9.08,126.2,cereals and tubers,"Rice (regular, milled)",80,KG,actual,Retail,PHP,37.6,0.74
2017-12-15,National Capital region,Metropolitan Manila,Metro Manila,167,14.6,120.98,pulses and nuts,Beans (mung),393,KG,actual,Retail,PHP,88.51,1.76
2018-02-15,National Capital region,Metropolitan Manila,Metro Manila,167,14.6,120.98,cereals and tubers,"Rice (regular, milled)",80,KG,actual,Retail,PHP,38.48,0.74
2018-03-15,National Capital region,Metropolitan Manila,Metro Manila,167,14.6,120.98,vegetables and fruits,Carrots,166,KG,actual,Retail,PHP,65.48,1.26
2018-03-15,Region I,Pangasinan,Lingayen,169,16.02,120.23,"meat, fish and eggs",Eggs,92,Unit,actual,Wholesale,PHP,4.47,0.086
2018-03-15,Region X,Lanao del Norte,Tubod,179,8.22,124.25,"meat, fish and eggs","Meat (chicken, whole)",125,KG,actual,Retail,PHP,148.77,2.85
2018-05-15,Region VI,Iloilo,Iloilo City,175,10.7,122.56,vegetables and fruits,Tomatoes,114,KG,actual,Retail,PHP,52.15,0.99
2018-06-15,Region I,Pangasinan,Lingayen,169,16.02,120.23,vegetables and fruits,Carrots,166,KG,actual,Retail,PHP,63.81,1.2
2018-06-15,Region IV-A,Rizal,Santa Cruz,172,14.61,121.17,"meat, fish and eggs","Meat (beef, chops with bones)",123,KG,actual,Retail,PHP,262.55,4.92
2018-07-15,Region II,Cagayan,Tuguegarao City,170,17.61,121.73,"meat, fish and eggs",Eggs,92,Unit,actual,Retail,PHP,6.35,0.12
2018-07-15,Region III,Nueva Ecija,Palayan,171,15.54,121.08,cereals and tubers,Sweet potatoes,87,KG,actual,Retail,PHP,40.82,0.76
2018-07-15,Region VI,Iloilo,Iloilo City,175,10.7,122.56,cereals and tubers,Sweet potatoes,87,KG,actual,Wholesale,PHP,33.77,0.63
2018-07-15,Region VII,Cebu,Cebu City,176,10.31,123.89,vegetables and fruits,Carrots,166,KG,actual,Retail,PHP,60.0,1.12
2018-07-15,Region XIII,Surigao del Sur,Tandag,182,9.08,126.2,vegetables and fruits,Onions (red),110,KG,actual,Retail,PHP,111.69,2.09
2018-08-15,Region XI,Davao del Sur,Davao City,180,7.18,125.44,vegetables and fruits,Cabbage,181,KG,actual,Wholesale,PHP,55.2,1.03
2018-08-15,Region XIII,Surigao del Sur,Tandag,182,9.08,126.2,vegetables and fruits,Cabbage,181,KG,actual,Retail,PHP,74.0,1.38
2018-09-15,Region V,Albay,Legazpi City,174,13.14,123.73,"meat, fish and eggs","Meat (chicken, whole)",125,KG,actual,Retail,PHP,150.0,2.77
2018-11-15,Region II,Cagayan,Tuguegarao City,170,17.61,121.73,vegetables and fruits,Tomatoes,114,KG,actual,Wholesale,PHP,17.85,0.34
2018-11-15,Region VI,Iloilo,Iloilo City,175,10.7,122.56,vegetables and fruits,Onions (white),111,KG,actual,Retail,PHP,86.78,1.65
2018-12-15,Region IV-B,Palawan,Puerto Princesa,173,9.74,118.74,vegetables and fruits,Cabbage,181,KG,actual,Retail,PHP,83.5,1.58
2019-01-15,Region XII,South Cotabato,Koronadal,181,6.5,124.85,cereals and tubers,Potatoes (Irish),148,KG,actual,Retail,PHP,79.5,1.53
2019-01-15,Region XII,South Cotabato,Koronadal,181,6.5,124.85,pulses and nuts,Beans (mung),393,KG,actual,Retail,PHP,77.69,1.49
2019-02-15,Region III,Nueva Ecija,Palayan,171,15.54,121.08,"meat, fish and eggs",Fish (fresh),401,KG,actual,Retail,PHP,188.17,3.6
2019-02-15,Region IV-A,Rizal,Santa Cruz,172,14.61,121.17,cereals and tubers,Potatoes (Irish),148,KG,actual,Retail,PHP,61.5,1.18
2019-02-15,Region IV-B,Palawan,Puerto Princesa,173,9.74,118.74,"meat, fish and eggs","Meat (chicken, whole)",125,KG,actual,Retail,PHP,145.5,2.78
2019-02-15,Region VII,Cebu,Cebu City,176,10.31,123.89,cereals and tubers,Potatoes (Irish),148,KG,actual,Retail,PHP,71.87,1.37
2019-02-15,Region XI,Davao del Sur,Davao City,180,7.18,125.44,cereals and tubers,"Rice (milled, superior)",593,KG,actual,Retail,PHP,44.38,0.85
2019-03-15,National Capital region,Metropolitan Manila,Metro Manila,167,14.6,120.98,cereals and tubers,Sweet potatoes,87,KG,actual,Retail,PHP,47.27,0.9
2019-03-15,Autonomous region in Muslim Mindanao,Maguindanao,Shariff Aguak,183,6.86,124.44,vegetables and fruits,Tomatoes,114,KG,actual,Wholesale,PHP,31.23,0.59
2019-04-15,Region IX,Zamboanga del Sur,Zamboanga City,178,6.91,122.07,cereals and tubers,"Rice (regular, milled)",80,KG,actual,Wholesale,PHP,35.48,0.69
2019-04-15,Autonomous region in Muslim Mindanao,Maguindanao,Shariff Aguak,183,6.86,124.44,vegetables and fruits,Onions (red),110,KG,actual,Retail,PHP,70.67,1.37
2019-05-15,National Capital region,Metropolitan Manila,Metro Manila,167,14.6,120.98,vegetables and fruits,Tomatoes,114,KG,actual,Wholesale,PHP,42.69,0.82
2019-05-15,Region VI,Iloilo,Iloilo City,175,10.7,122.56,"meat, fish and eggs",Eggs,92,Unit,actual,Wholesale,PHP,5.8,0.11
2019-05-15,Region XI,Davao del Sur,Davao City,180,7.18,125.44,vegetables and fruits,Cabbage,181,KG,actual,Wholesale,PHP,60.4,1.16
2019-09-15,National Capital region,Metropolitan Manila,Metro Manila,167,14.6,120.98,cereals and tubers,"Rice (milled, superior)",593,KG,actual,Retail,PHP,41.95,0.8
2020-05-15,National Capital region,Metropolitan Manila,Metro Manila,167,14.6,120.98,vegetables and fruits,Calamansi,847,KG,"actual,aggregate",Retail,PHP,66.86,1.32
2020-05-15,National Capital region,Metropolitan Manila,Metro Manila,167,14.6,120.98,cereals and tubers,Rice (special),874,KG,"actual,aggregate",Retail,PHP,53.23,1.05
2020-05-15,Region XI,Davao del Sur,Davao City,180,7.18,125.44,oil and fats,Oil (cooking),82,750 ML,aggregate,Retail,PHP,40.0,0.79
2020-05-15,Region XI,Davao del Sur,Davao City,180,7.18,125.44,cereals and tubers,Semolina (yellow),849,KG,actual,Retail,PHP,26.96,0.53
2020-05-15,Region II,Nueva Vizcaya,Nueva Vizcaya,4271,16.49,121.15,"meat, fish and eggs",Meat (pork),140,KG,actual,Retail,PHP,192.31,3.8
2020-05-15,Region II,Quirino,Quirino,4272,16.52,121.52,cereals and tubers,Rice (special),874,KG,actual,Retail,PHP,51.6,1.02
2020-05-15,Region III,Aurora,Aurora,4273,15.75,121.56,"meat, fish and eggs",Fish (roundscad),841,KG,actual,Retail,PHP,161.92,3.2
2020-05-15,Region III,Bulacan,Bulacan,4275,14.84,120.81,vegetables and fruits,Choko,851,KG,actual,Retail,PHP,36.15,0.71
2020-05-15,Region III,Bulacan,Pampanga,4276,15.02,121.09,vegetables and fruits,Tomatoes,114,KG,actual,Retail,PHP,48.91,0.97
2020-05-15,Region III,Tarlac,Tarlac,4277,15.49,120.59,vegetables and fruits,Calamansi,847,KG,actual,Retail,PHP,40.77,0.8
2020-05-15,Region IV-A,Laguna,Laguna,4280,14.29,121.41,vegetables and fruits,"Beans (green, fresh)",458,KG,actual,Retail,PHP,82.94,1.64
2020-05-15,Region V,Catanduanes,Catanduanes,4288,13.58,124.23,vegetables and fruits,Squashes,340,KG,actual,Retail,PHP,34.0,0.67
2020-05-15,Region V,Masbate,Masbate,4289,12.36,123.63,cereals and tubers,Rice (well milled),872,KG,actual,Retail,PHP,45.34,0.9
2020-05-15,Region V,Sorsogon,Sorsogon,4290,12.97,124.01,"meat, fish and eggs","Meat (chicken, whole)",125,KG,actual,Retail,PHP,152.0,3.0
2020-05-15,Region VI,Antique,Antique,4292,10.76,121.94,"meat, fish and eggs",Fish (threadfin bream),859,KG,actual,Retail,PHP,180.94,3.57
2020-05-15,Region VI,Negros Occidental,Negros Occidental,4295,10.67,122.95,vegetables and fruits,Choko,851,KG,actual,Retail,PHP,48.55,0.96
2020-05-15,Region VII,Bohol,Bohol,4296,9.66,123.87,cereals and tubers,Rice (premium),873,KG,actual,Retail,PHP,49.12,0.97
2020-05-15,Region VIII,Eastern Samar,Eastern Samar,4300,11.61,125.43,"meat, fish and eggs",Eggs,92,Unit,actual,Retail,PHP,8.34,0.16
2020-05-15,Region VIII,Northern Samar,Northern Samar,4302,12.5,124.64,cereals and tubers,Sweet potatoes,87,KG,actual,Retail,PHP,60.0,1.18
2020-05-15,Region VIII,Samar,Samar,4303,11.77,124.88,"meat, fish and eggs",Fish (frigate tuna),865,KG,actual,Retail,PHP,175.52,3.47
2020-05-15,Region X,Lanao del Norte,Lanao del Norte,4310,8.04,123.8,cereals and tubers,Rice (well milled),872,KG,actual,Retail,PHP,43.29,0.85
2020-05-15,Region XI,Davao del Norte,Davao del Norte,4314,7.45,125.8,vegetables and fruits,Bottle gourd,852,KG,actual,Retail,PHP,42.08,0.83
2020-05-15,Region XII,Sarangani,Sarangani,4319,6.1,125.29,vegetables and fruits,Mangoes (carabao),848,KG,actual,Retail,PHP,79.76,1.57
2020-05-15,Region XIII,Agusan del Sur,Agusan del Sur,4322,8.61,125.91,vegetables and fruits,Onions (red),110,KG,actual,Retail,PHP,121.31,2.4
2020-05-15,Region XIII,Agusan del Sur,Agusan del Sur,4322,8.61,125.91,vegetables and fruits,Pineapples,524,KG,actual,Retail,PHP,40.54,0.8
2020-05-15,Region III,Nueva Ecija,Cabanatuan City,4344,15.49,120.96,oil and fats,Oil (cooking),82,750 ML,aggregate,Retail,PHP,65.0,1.28
2020-05-15,Region III,Nueva Ecija,Cabanatuan City,4344,15.49,120.96,"meat, fish and eggs",Fish (tilapia),405,KG,aggregate,Retail,PHP,120.0,2.37
2020-05-15,Region IV-A,Batangas,Batangas City,4345,13.76,121.06,oil and fats,Oil (cooking),82,750 ML,aggregate,Retail,PHP,38.0,0.75
2020-05-15,Region XII,North Cotabato,Kidapawan City,4349,7.01,125.09,vegetables and fruits,"Beans (green, fresh)",458,KG,aggregate,Retail,PHP,65.0,1.28
2020-05-15,Region XIII,Agusan del Norte,Butuan City,4350,8.96,125.53,"meat, fish and eggs",Eggs,92,Unit,aggregate,Retail,PHP,6.69,0.13
2020-05-15,Region I,La Union,San Fernando City,4352,16.62,120.31,oil and fats,Oil (cooking),82,750 ML,aggregate,Retail,PHP,50.0,0.99
2020-05-15,Region I,La Union,San Fernando City,4352,16.62,120.31,vegetables and fruits,Bitter melon,842,KG,aggregate,Retail,PHP,60.0,1.18
2020-05-15,Region VI,Iloilo,Iloilo,4360,10.69,122.57,cereals and tubers,Sweet potatoes,87,KG,actual,Retail,PHP,52.0,1.03
2020-06-15,National Capital region,Metropolitan Manila,Metro Manila,167,14.6,120.98,"meat, fish and eggs",Fish (threadfin bream),859,KG,actual,Retail,PHP,302.09,6.01
2020-06-15,National Capital region,Metropolitan Manila,Metro Manila,167,14.6,120.98,"meat, fish and eggs",Fish (frigate tuna),865,KG,actual,Retail,PHP,161.95,3.22
2020-06-15,Region II,Cagayan,Tuguegarao City,170,17.61,121.73,"meat, fish and eggs",Fish (milkfish),840,KG,aggregate,Retail,PHP,190.0,3.78
2020-06-15,Region VII,Cebu,Cebu City,176,10.31,123.89,vegetables and fruits,Cabbage (chinese),843,KG,aggregate,Retail,PHP,72.33,1.44
2020-06-15,Region IX,Zamboanga del Sur,Zamboanga City,178,6.91,122.07,"meat, fish and eggs","Meat (pork, with fat)",329,KG,aggregate,Retail,PHP,200.0,3.98
2020-06-15,Region XI,Davao del Sur,Davao City,180,7.18,125.44,"meat, fish and eggs",Fish (milkfish),840,KG,"actual,aggregate",Retail,PHP,143.24,2.85
2020-06-15,Cordillera Administrative region,Ifugao,Ifugao,4264,16.8,121.12,cereals and tubers,Taro,598,KG,actual,Retail,PHP,40.0,0.8
2020-06-15,Cordillera Administrative region,Kalinga,Kalinga,4265,17.47,121.47,vegetables and fruits,Onions (red),110,KG,actual,Retail,PHP,101.0,2.01
2020-06-15,Region I,Ilocos Sur,Ilocos Sur,4268,17.57,120.38,vegetables and fruits,Squashes,340,KG,actual,Retail,PHP,33.71,0.67
2020-06-15,Region II,Nueva Vizcaya,Nueva Vizcaya,4271,16.49,121.15,vegetables and fruits,Bananas (lakatan),845,KG,actual,Retail,PHP,57.85,1.15
2020-06-15,Region II,Nueva Vizcaya,Nueva Vizcaya,4271,16.49,121.15,cereals and tubers,Rice (premium),873,KG,actual,Retail,PHP,46.8,0.93
2020-06-15,Region II,Quirino,Quirino,4272,16.52,121.52,cereals and tubers,Sweet potatoes,87,KG,actual,Retail,PHP,49.5,0.99
2020-06-15,Region III,Aurora,Aurora,4273,15.75,121.56,vegetables and fruits,Papaya,408,KG,actual,Retail,PHP,25.0,0.5
2020-06-15,Region III,Bataan,Bataan,4274,14.67,120.53,cereals and tubers,Rice (special),874,KG,actual,Retail,PHP,49.84,0.99
2020-06-15,Region IV-A,Cavite,Cavite,4279,14.42,120.94,cereals and tubers,Rice (special),874,KG,actual,Retail,PHP,52.03,1.04
2020-06-15,Region IV-B,Oriental Mindoro,Oriental Mindoro,4284,13.41,121.18,vegetables and fruits,Bottle gourd,852,KG,actual,Retail,PHP,36.92,0.74
2020-06-15,Region IV-B,Romblon,Romblon,4285,12.58,122.27,cereals and tubers,Rice (well milled),872,KG,actual,Retail,PHP,42.46,0.85
2020-06-15,Region V,Sorsogon,Sorsogon,4290,12.97,124.01,cereals and tubers,Semolina (yellow),849,KG,actual,Retail,PHP,34.83,0.69
2020-06-15,Region VI,Aklan,Aklan,4291,11.71,122.37,vegetables and fruits,Water spinach,788,KG,actual,Retail,PHP,40.0,0.8
2020-06-15,Region VI,Guimaras,Guimaras,4294,10.67,122.59,"meat, fish and eggs","Meat (beef, chops with bones)",123,KG,actual,Retail,PHP,200.0,3.98
2020-06-15,Region VII,Bohol,Bohol,4296,9.66,123.87,cereals and tubers,Rice (well milled),872,KG,actual,Retail,PHP,43.67,0.87
2020-06-15,Region VII,Siquijor,Siquijor,4298,9.21,123.51,vegetables and fruits,Papaya,408,KG,actual,Retail,PHP,30.0,0.6
2020-06-15,Region VIII,Leyte,Leyte,4301,11.25,125.0,"meat, fish and eggs",Meat (beef),141,KG,actual,Retail,PHP,370.43,7.37
2020-06-15,Region VIII,Northern Samar,Northern Samar,4302,12.5,124.64,vegetables and fruits,Coconut,684,KG,actual,Retail,PHP,17.0,0.34
2020-06-15,Region VIII,Southern Leyte,Southern Leyte,4304,10.13,124.83,vegetables and fruits,Cabbage (chinese),843,KG,actual,Retail,PHP,63.69,1.27
2020-06-15,Region IX,Zamboanga del Norte,Zamboanga del Norte,4305,8.59,123.34,vegetables and fruits,Bitter melon,842,KG,actual,Retail,PHP,78.33,1.56
2020-06-15,Region IX,Zamboanga del Sur,Zamboanga del Sur,4306,7.82,123.44,vegetables and fruits,Water spinach,788,KG,actual,Retail,PHP,39.6,0.79
2020-06-15,Region X,Camiguin,Camiguin,4309,9.25,124.72,vegetables and fruits,Bananas (latundan),846,KG,actual,Retail,PHP,30.0,0.6
2020-06-15,Region XI,Compostela Valley,Davao de Oro,4313,7.6,125.97,vegetables and fruits,Bitter melon,842,KG,actual,Retail,PHP,50.85,1.01
2020-06-15,Region XI,Davao Oriental,Davao Oriental,4317,6.96,126.21,"meat, fish and eggs",Eggs,92,Unit,actual,Retail,PHP,5.93,0.12
2020-06-15,Region XI,Davao Oriental,Davao Oriental,4317,6.96,126.21,pulses and nuts,Groundnuts (shelled),119,KG,actual,Retail,PHP,123.56,2.46
2020-06-15,Region III,Nueva Ecija,Cabanatuan City,4344,15.49,120.96,oil and fats,Oil (cooking),82,750 ML,aggregate,Retail,PHP,65.0,1.29
2020-06-15,Region IV-A,Batangas,Batangas City,4345,13.76,121.06,oil and fats,Oil (cooking),82,750 ML,aggregate,Retail,PHP,38.0,0.76
2020-06-15,Region V,Camarines Sur,Naga City,4346,13.62,123.18,vegetables and fruits,Mangoes (carabao),848,KG,aggregate,Retail,PHP,123.04,2.45
2020-06-15,Region X,Misamis Oriental,Cagayan de Oro City,4348,8.48,124.65,vegetables and fruits,"Beans (green, fresh)",458,KG,aggregate,Retail,PHP,60.0,1.19
2020-06-15,Region XII,North Cotabato,Kidapawan City,4349,7.01,125.09,"meat, fish and eggs","Meat (chicken, whole)",125,KG,aggregate,Retail,PHP,170.0,3.38
2020-06-15,Region XII,North Cotabato,Kidapawan City,4349,7.01,125.09,vegetables and fruits,Garlic (large),288,KG,aggregate,Retail,PHP,120.0,2.39
2020-06-15,Region XIII,Agusan del Norte,Butuan City,4350,8.96,125.53,"meat, fish and eggs",Meat (beef),141,KG,aggregate,Retail,PHP,329.33,6.56
2020-06-15,Autonomous region in Muslim Mindanao,Maguindanao,Cotabato City,4351,7.19,124.24,oil and fats,Oil (cooking),82,750 ML,aggregate,Retail,PHP,42.0,0.84
2020-06-15,Autonomous region in Muslim Mindanao,Maguindanao,Cotabato City,4351,7.19,124.24,cereals and tubers,Rice (premium),873,KG,aggregate,Retail,PHP,44.53,0.89
2020-06-15,Region I,La Union,San Fernando City,4352,16.62,120.31,vegetables and fruits,Ginger,712,KG,aggregate,Retail,PHP,188.0,3.74
2020-06-15,Region IV-A,Batangas,Batangas,4537,13.76,121.06,vegetables and fruits,Choko,851,KG,actual,Retail,PHP,38.48,0.77
2020-06-15,Region IV-A,Batangas,Batangas,4537,13.76,121.06,vegetables and fruits,Bananas (saba),854,KG,actual,Retail,PHP,30.92,0.62
2020-07-15,Region II,Cagayan,Tuguegarao City,170,17.61,121.73,"meat, fish and eggs",Meat (beef),141,KG,aggregate,Retail,PHP,300.0,6.07
2020-07-15,Region XI,Davao del Sur,Davao City,180,7.18,125.44,oil and fats,Oil (cooking),82,750 ML,aggregate,Retail,PHP,40.0,0.81
2020-07-15,Cordillera Administrative region,Abra,Abra,4262,17.6,120.62,vegetables and fruits,Calamansi,847,KG,actual,Retail,PHP,74.64,1.51
2020-07-15,Cordillera Administrative region,Ifugao,Ifugao,4264,16.8,121.12,"meat, fish and eggs",Chicken,182,KG,actual,Retail,PHP,127.0,2.57
2020-07-15,Region II,Nueva Vizcaya,Nueva Vizcaya,4271,16.49,121.15,"meat, fish and eggs",Crab,860,KG,actual,Retail,PHP,400.0,8.09
2020-07-15,Region II,Quirino,Quirino,4272,16.52,121.52,vegetables and fruits,Mangoes (carabao),848,KG,actual,Retail,PHP,56.67,1.15
2020-07-15,Region III,Aurora,Aurora,4273,15.75,121.56,cereals and tubers,Rice (premium),873,KG,actual,Retail,PHP,46.83,0.95
2020-07-15,Region III,Bataan,Bataan,4274,14.67,120.53,vegetables and fruits,Coconut,684,KG,actual,Retail,PHP,47.55,0.96
2020-07-15,Region III,Tarlac,Tarlac,4277,15.49,120.59,cereals and tubers,Rice (premium),873,KG,actual,Retail,PHP,45.21,0.91
2020-07-15,Region VI,Antique,Antique,4292,10.76,121.94,pulses and nuts,Groundnuts (unshelled),118,KG,actual,Retail,PHP,48.33,0.98
2020-07-15,Region VIII,Biliran,Biliran,4299,11.56,124.39,"meat, fish and eggs",Shrimp (endeavor),863,KG,actual,Retail,PHP,333.57,6.75
2020-07-15,Region VIII,Leyte,Leyte,4301,11.25,125.0,"meat, fish and eggs",Fish (tilapia),405,KG,actual,Retail,PHP,162.22,3.28
2020-07-15,Region IX,Zamboanga del Sur,Zamboanga del Sur,4306,7.82,123.44,"meat, fish and eggs",Fish (roundscad),841,KG,actual,Retail,PHP,120.77,2.44
2020-07-15,Region X,Camiguin,Camiguin,4309,9.25,124.72,cereals and tubers,Rice (premium),873,KG,actual,Retail,PHP,47.78,0.97
2020-07-15,Region XI,Compostela Valley,Davao de Oro,4313,7.6,125.97,"meat, fish and eggs","Meat (pork, hock)",858,KG,actual,Retail,PHP,170.0,3.44
2020-07-15,Region XII,Sultan Kudarat,Sultan Kudarat,4320,6.63,124.6,vegetables and fruits,Eggplants,434,KG,actual,Retail,PHP,30.71,0.62
2020-07-15,Autonomous region in Muslim Mindanao,Sulu,Sulu,4328,6.05,121.0,vegetables and fruits,Eggplants,434,KG,actual,Retail,PHP,40.0,0.81
2020-07-15,Cordillera Administrative region,Benguet,Baguio City,4343,16.42,120.6,vegetables and fruits,Papaya,408,KG,aggregate,Retail,PHP,35.0,0.71
2020-07-15,Region III,Nueva Ecija,Cabanatuan City,4344,15.49,120.96,miscellaneous food,Sugar (white),349,KG,aggregate,Retail,PHP,50.0,1.01
2020-07-15,Region V,Camarines Sur,Naga City,4346,13.62,123.18,oil and fats,Oil (cooking),82,750 ML,aggregate,Retail,PHP,60.0,1.21
2020-07-15,Region VIII,Leyte,Tacloban City,4347,11.25,125.0,oil and fats,Oil (cooking),82,750 ML,aggregate,Retail,PHP,50.0,1.01
2020-07-15,Region XII,North Cotabato,Kidapawan City,4349,7.01,125.09,oil and fats,Oil (cooking),82,750 ML,aggregate,Retail,PHP,52.5,1.06
2020-07-15,Region XII,North Cotabato,Kidapawan City,4349,7.01,125.09,vegetables and fruits,"Beans (green, fresh)",458,KG,aggregate,Retail,PHP,43.87,0.89
2020-07-15,Region I,La Union,San Fernando City,4352,16.62,120.31,"meat, fish and eggs",Fish (roundscad),841,KG,aggregate,Retail,PHP,135.48,2.74
2020-07-15,Cordillera Administrative region,Benguet,Benguet,4353,16.45,120.59,vegetables and fruits,Beans (string),406,KG,actual,Retail,PHP,35.64,0.72
2020-07-15,Region I,Pangasinan,Pangasinan,4354,16.02,120.23,"meat, fish and eggs",Fish (slipmouth),862,KG,actual,Retail,PHP,147.14,2.98
2020-07-15,Region III,Nueva Ecija,Nueva Ecija,4356,15.55,121.09,"meat, fish and eggs",Fish (roundscad),841,KG,actual,Retail,PHP,167.1,3.38
2020-07-15,Region XIII,Surigao del Sur,Surigao del Sur,4363,9.06,126.2,vegetables and fruits,Pineapples,524,KG,actual,Retail,PHP,43.57,0.88
2020-08-15,National Capital region,Metropolitan Manila,Metro Manila,167,14.6,120.98,oil and fats,Oil (cooking),82,750 ML,aggregate,Retail,PHP,60.0,1.23
2020-08-15,National Capital region,Metropolitan Manila,Metro Manila,167,14.6,120.98,cereals and tubers,Rice (well milled),872,KG,"actual,aggregate",Retail,PHP,43.24,0.89
2020-08-15,Region V,Albay,Legazpi City,174,13.14,123.73,"meat, fish and eggs","Fish (mackerel, fresh)",744,KG,aggregate,Retail,PHP,140.0,2.88
2020-08-15,Region VI,Iloilo,Iloilo City,175,10.7,122.56,vegetables and fruits,Tomatoes,114,KG,aggregate,Retail,PHP,60.0,1.23
2020-08-15,Region VII,Cebu,Cebu City,176,10.31,123.89,vegetables and fruits,Carrots,166,KG,aggregate,Retail,PHP,70.0,1.44
2020-08-15,Region VII,Cebu,Cebu City,176,10.31,123.89,miscellaneous food,Sugar (brown),214,KG,aggregate,Retail,PHP,44.0,0.9
2020-08-15,Region XI,Davao del Sur,Davao City,180,7.18,125.44,oil and fats,Oil (cooking),82,750 ML,aggregate,Retail,PHP,40.0,0.82
2020-08-15,Region XI,Davao del Sur,Davao City,180,7.18,125.44,"meat, fish and eggs",Eggs,92,Unit,"actual,aggregate",Retail,PHP,5.65,0.12
2020-08-15,Cordillera Administrative region,Apayao,Apayao,4263,18.01,121.19,"meat, fish and eggs",Meat (beef),141,KG,actual,Retail,PHP,260.0,5.34
2020-08-15,Region I,Ilocos Norte,Ilocos Norte,4267,18.19,120.6,vegetables and fruits,"Beans (green, fresh)",458,KG,actual,Retail,PHP,85.38,1.75
2020-08-15,Region I,Ilocos Sur,Ilocos Sur,4268,17.57,120.38,"meat, fish and eggs",Fish (frigate tuna),865,KG,actual,Retail,PHP,198.19,4.07
2020-08-15,Region II,Quirino,Quirino,4272,16.52,121.52,vegetables and fruits,Bananas (saba),854,KG,actual,Retail,PHP,27.65,0.57
2020-08-15,Region III,Bataan,Bataan,4274,14.67,120.53,vegetables and fruits,Mangoes (carabao),848,KG,actual,Retail,PHP,185.25,3.81
2020-08-15,Region III,Tarlac,Tarlac,4277,15.49,120.59,"meat, fish and eggs",Fish (redbelly yellowtail fusilier),861,KG,actual,Retail,PHP,246.77,5.07
2020-08-15,Region IV-B,Occidental Mindoro,Occidental Mindoro,4283,13.23,120.59,"meat, fish and eggs",Fish (milkfish),840,KG,actual,Retail,PHP,136.0,2.79
2020-08-15,Region IV-B,Oriental Mindoro,Oriental Mindoro,4284,13.41,121.18,"meat, fish and eggs",Fish (tilapia),405,KG,actual,Retail,PHP,123.46,2.54
2020-08-15,Region IV-B,Oriental Mindoro,Oriental Mindoro,4284,13.41,121.18,vegetables and fruits,Pineapples,524,KG,actual,Retail,PHP,72.21,1.48
2020-08-15,Region IV-B,Romblon,Romblon,4285,12.58,122.27,vegetables and fruits,Coconut,684,KG,actual,Retail,PHP,15.0,0.31
2020-08-15,Region V,Masbate,Camarines Sur,4287,12.55,123.27,vegetables and fruits,Bottle gourd,852,KG,actual,Retail,PHP,30.0,0.62
2020-08-15,Region V,Catanduanes,Catanduanes,4288,13.58,124.23,"meat, fish and eggs",Eggs,92,Unit,actual,Retail,PHP,7.57,0.16
2020-08-15,Region VI,Antique,Antique,4292,10.76,121.94,cereals and tubers,Maize (yellow),136,KG,actual,Retail,PHP,18.0,0.37
2020-08-15,Region VI,Capiz,Capiz,4293,11.58,122.76,"meat, fish and eggs","Meat (pork, hock)",858,KG,actual,Retail,PHP,152.5,3.13
2020-08-15,Region VI,Negros Occidental,Negros Occidental,4295,10.67,122.95,vegetables and fruits,Pineapples,524,KG,actual,Retail,PHP,48.0,0.99
2020-08-15,Region VIII,Northern Samar,Northern Samar,4302,12.5,124.64,"meat, fish and eggs",Fish (tilapia),405,KG,actual,Retail,PHP,139.13,2.86
2020-08-15,Region X,Misamis Oriental,Misamis Oriental,4312,8.48,124.65,cereals and tubers,Semolina (yellow),849,KG,actual,Retail,PHP,25.25,0.52
2020-08-15,Region XIII,Agusan del Sur,Agusan del Sur,4322,8.61,125.91,"meat, fish and eggs",Eggs,92,Unit,actual,Retail,PHP,6.4,0.13
2020-08-15,Region XIII,Surigao del Norte,Surigao del Norte,4324,9.79,125.5,pulses and nuts,Groundnuts (shelled),119,KG,actual,Retail,PHP,179.52,3.69
2020-08-15,Autonomous region in Muslim Mindanao,Maguindanao,Maguindanao,4327,6.72,124.79,"meat, fish and eggs","Meat (pork, with bones)",856,KG,actual,Retail,PHP,186.0,3.82
2020-08-15,Region III,Nueva Ecija,Cabanatuan City,4344,15.49,120.96,oil and fats,Oil (cooking),82,750 ML,aggregate,Retail,PHP,65.0,1.34
2020-08-15,Region IV-A,Batangas,Batangas City,4345,13.76,121.06,oil and fats,Oil (cooking),82,750 ML,aggregate,Retail,PHP,38.0,0.78
2020-08-15,Region IV-A,Batangas,Batangas City,4345,13.76,121.06,vegetables and fruits,Eggplants,434,KG,aggregate,Retail,PHP,40.0,0.82
2020-08-15,Region V,Camarines Sur,Naga City,4346,13.62,123.18,oil and fats,Oil (cooking),82,750 ML,aggregate,Retail,PHP,60.0,1.23
2020-08-15,Region XII,North Cotabato,Kidapawan City,4349,7.01,125.09,oil and fats,Oil (cooking),82,750 ML,aggregate,Retail,PHP,52.5,1.08
2020-08-15,Autonomous region in Muslim Mindanao,Maguindanao,Cotabato City,4351,7.19,124.24,oil and fats,Oil (cooking),82,750 ML,aggregate,Retail,PHP,42.0,0.86
2020-08-15,Region I,Pangasinan,Pangasinan,4354,16.02,120.23,cereals and tubers,Semolina (yellow),849,KG,actual,Retail,PHP,24.78,0.51
2020-08-15,Region V,Albay,Albay,4359,13.15,123.75,vegetables and fruits,Choko,851,KG,actual,Retail,PHP,35.0,0.72
2020-08-15,Region VII,Cebu,Cebu,4361,10.29,123.9,vegetables and fruits,Eggplants,434,KG,actual,Retail,PHP,56.51,1.16
2020-08-15,Region XII,South Cotabato,South Cotabato,4362,6.5,124.84,vegetables and fruits,Cabbage,181,KG,actual,Retail,PHP,53.75,1.1
2020-08-15,Region XII,South Cotabato,South Cotabato,4362,6.5,124.84,vegetables and fruits,Sweet Potato leaves,853,KG,actual,Retail,PHP,30.0,0.62
2020-08-15,Region XIII,Surigao del Sur,Surigao del Sur,4363,9.06,126.2,"meat, fish and eggs",Meat (pork),140,KG,actual,Retail,PHP,220.0,4.52
2020-09-15,Region V,Albay,Legazpi City,174,13.14,123.73,"meat, fish and eggs",Fish (milkfish),840,KG,aggregate,Retail,PHP,100.0,2.07
2020-09-15,Region IX,Zamboanga del Sur,Zamboanga City,178,6.91,122.07,vegetables and fruits,Onions (red),110,KG,"actual,aggregate",Retail,PHP,138.38,2.86
2020-09-15,Region XI,Davao del Sur,Davao City,180,7.18,125.44,oil and fats,Oil (cooking),82,750 ML,aggregate,Retail,PHP,40.0,0.83
2020-09-15,Region XI,Davao del Sur,Davao City,180,7.18,125.44,vegetables and fruits,Beans (string),406,KG,"actual,aggregate",Retail,PHP,50.26,1.04
2020-09-15,Region XI,Davao del Sur,Davao City,180,7.18,125.44,"meat, fish and eggs",Crab,860,KG,actual,Retail,PHP,263.03,5.44
2020-09-15,Region I,Ilocos Norte,Ilocos Norte,4267,18.19,120.6,vegetables and fruits,Bananas (lakatan),845,KG,actual,Retail,PHP,62.85,1.3
2020-09-15,Region III,Aurora,Aurora,4273,15.75,121.56,"meat, fish and eggs",Meat (beef),141,KG,actual,Retail,PHP,280.0,5.79
2020-09-15,Region III,Bulacan,Bulacan,4275,14.84,120.81,vegetables and fruits,Mangoes (piko),855,KG,actual,Retail,PHP,122.5,2.53
2020-09-15,Region III,Bulacan,Pampanga,4276,15.02,121.09,vegetables and fruits,Cabbage (chinese),843,KG,actual,Retail,PHP,42.3,0.87
2020-09-15,Region IV-B,Romblon,Romblon,4285,12.58,122.27,vegetables and fruits,Coconut,684,KG,actual,Retail,PHP,15.0,0.31
2020-09-15,Region V,Sorsogon,Sorsogon,4290,12.97,124.01,"meat, fish and eggs",Fish (roundscad),841,KG,actual,Retail,PHP,166.67,3.45
2020-09-15,Region V,Sorsogon,Sorsogon,4290,12.97,124.01,"meat, fish and eggs","Meat (pork, hock)",858,KG,actual,Retail,PHP,162.0,3.35
2020-09-15,Region VII,Bohol,Bohol,4296,9.66,123.87,"meat, fish and eggs","Meat (pork, hock)",858,KG,actual,Retail,PHP,160.0,3.31
2020-09-15,Region VIII,Northern Samar,Northern Samar,4302,12.5,124.64,vegetables and fruits,Bananas (lakatan),845,KG,actual,Retail,PHP,81.67,1.69
2020-09-15,Region IX,Zamboanga del Sur,Zamboanga del Sur,4306,7.82,123.44,cereals and tubers,Taro,598,KG,actual,Retail,PHP,41.15,0.85
2020-09-15,Region X,Misamis Occidental,Misamis Occidental,4311,8.48,123.81,cereals and tubers,Rice (well milled),872,KG,actual,Retail,PHP,42.46,0.88
2020-09-15,Region XI,Compostela Valley,Davao de Oro,4313,7.6,125.97,vegetables and fruits,Mangoes (carabao),848,KG,actual,Retail,PHP,90.92,1.88
2020-09-15,Region XI,Davao Oriental,Davao Oriental,4317,6.96,126.21,"meat, fish and eggs",Fish (roundscad),841,KG,actual,Retail,PHP,131.69,2.72
2020-09-15,Region XII,Sultan Kudarat,Sultan Kudarat,4320,6.63,124.6,vegetables and fruits,"Beans (green, fresh)",458,KG,actual,Retail,PHP,50.31,1.04
2020-09-15,Region XII,Sultan Kudarat,Sultan Kudarat,4320,6.63,124.6,"meat, fish and eggs",Fish (slipmouth),862,KG,actual,Retail,PHP,300.0,6.2
2020-09-15,Region XIII,Agusan del Norte,Agusan del Norte,4321,9.12,125.55,"meat, fish and eggs",Fish (roundscad),841,KG,actual,Retail,PHP,147.56,3.05
2020-09-15,Region XIII,Surigao del Norte,Surigao del Norte,4324,9.79,125.5,vegetables and fruits,Tomatoes,114,KG,actual,Retail,PHP,55.69,1.15
2020-09-15,Autonomous region in Muslim Mindanao,Maguindanao,Maguindanao,4327,6.72,124.79,"meat, fish and eggs",Eggs,92,Unit,actual,Retail,PHP,7.25,0.15
2020-09-15,Autonomous region in Muslim Mindanao,Maguindanao,Maguindanao,4327,6.72,124.79,vegetables and fruits,Ginger,712,KG,actual,Retail,PHP,137.23,2.84
2020-09-15,Cordillera Administrative region,Benguet,Baguio City,4343,16.42,120.6,cereals and tubers,"Rice (regular, milled)",80,KG,aggregate,Retail,PHP,35.0,0.72
2020-09-15,Region III,Nueva Ecija,Cabanatuan City,4344,15.49,120.96,vegetables and fruits,Bananas (lakatan),845,KG,aggregate,Retail,PHP,90.0,1.86
2020-09-15,Region IV-A,Batangas,Batangas City,4345,13.76,121.06,oil and fats,Oil (cooking),82,750 ML,aggregate,Retail,PHP,36.0,0.74
2020-09-15,Region IV-A,Batangas,Batangas City,4345,13.76,121.06,vegetables and fruits,Beans (string),406,KG,aggregate,Retail,PHP,44.17,0.91
2020-09-15,Region V,Camarines Sur,Naga City,4346,13.62,123.18,oil and fats,Oil (cooking),82,750 ML,aggregate,Retail,PHP,60.0,1.24
2020-09-15,Region VIII,Leyte,Tacloban City,4347,11.25,125.0,oil and fats,Oil (cooking),82,750 ML,aggregate,Retail,PHP,50.0,1.03
2020-09-15,Region X,Misamis Oriental,Cagayan de Oro City,4348,8.48,124.65,oil and fats,Oil (cooking),82,750 ML,aggregate,Retail,PHP,42.0,0.87
2020-09-15,Region XII,North Cotabato,Kidapawan City,4349,7.01,125.09,"meat, fish and eggs",Eggs,92,Unit,aggregate,Retail,PHP,6.0,0.12
2020-09-15,Autonomous region in Muslim Mindanao,Maguindanao,Cotabato City,4351,7.19,124.24,oil and fats,Oil (cooking),82,750 ML,aggregate,Retail,PHP,42.0,0.87
2020-09-15,Region I,La Union,San Fernando City,4352,16.62,120.31,oil and fats,Oil (cooking),82,750 ML,aggregate,Retail,PHP,51.25,1.06
2020-09-15,Cordillera Administrative region,Benguet,Benguet,4353,16.45,120.59,cereals and tubers,Taro,598,KG,actual,Retail,PHP,56.41,1.17
2020-09-15,Cordillera Administrative region,Benguet,Benguet,4353,16.45,120.59,vegetables and fruits,Bananas (lakatan),845,KG,actual,Retail,PHP,74.46,1.54
2020-09-15,Region IV-A,Rizal,Rizal,4357,14.59,121.17,vegetables and fruits,"Beans (green, fresh)",458,KG,actual,Retail,PHP,100.0,2.07
2020-09-15,Region VI,Iloilo,Iloilo,4360,10.69,122.57,"meat, fish and eggs",Fish (milkfish),840,KG,actual,Retail,PHP,148.57,3.07
2020-09-15,Region IV-A,Batangas,Batangas,4537,13.76,121.06,"meat, fish and eggs",Eggs,92,Unit,actual,Retail,PHP,6.42,0.13
2020-09-15,Region IV-A,Batangas,Batangas,4537,13.76,121.06,vegetables and fruits,Beans (string),406,KG,actual,Retail,PHP,68.72,1.42
2020-10-15,National Capital region,Metropolitan Manila,Metro Manila,167,14.6,120.98,"meat, fish and eggs","Meat (pork, with fat)",329,KG,aggregate,Retail,PHP,307.32,6.32
2020-10-15,Region II,Cagayan,Tuguegarao City,170,17.61,121.73,oil and fats,Oil (cooking),82,750 ML,aggregate,Retail,PHP,30.84,0.63
2020-10-15,Region II,Cagayan,Tuguegarao City,170,17.61,121.73,"meat, fish and eggs",Eggs,92,Unit,aggregate,Retail,PHP,7.26,0.15
2020-10-15,Region V,Albay,Legazpi City,174,13.14,123.73,oil and fats,Oil (cooking),82,750 ML,aggregate,Retail,PHP,69.44,1.43
2020-10-15,Region VII,Cebu,Cebu City,176,10.31,123.89,oil and fats,Oil (cooking),82,750 ML,aggregate,Retail,PHP,85.2,1.75
2020-10-15,Region VII,Cebu,Cebu City,176,10.31,123.89,miscellaneous food,Sugar (white),349,KG,aggregate,Retail,PHP,55.0,1.13
2020-10-15,Region VII,Cebu,Cebu City,176,10.31,123.89,vegetables and fruits,Cabbage (chinese),843,KG,aggregate,Retail,PHP,59.96,1.23
2020-10-15,Cordillera Administrative region,Apayao,Apayao,4263,18.01,121.19,vegetables and fruits,Bananas (latundan),846,KG,actual,Retail,PHP,27.0,0.56
2020-10-15,Cordillera Administrative region,Ifugao,Ifugao,4264,16.8,121.12,vegetables and fruits,Bitter melon,842,KG,actual,Retail,PHP,77.0,1.58
2020-10-15,Cordillera Administrative region,Kalinga,Kalinga,4265,17.47,121.47,"meat, fish and eggs",Eggs,92,Unit,actual,Retail,PHP,7.5,0.15
2020-10-15,Cordillera Administrative region,Mountain Province,Mountain Province,4266,17.09,120.98,pulses and nuts,Groundnuts (shelled),119,KG,actual,Retail,PHP,239.0,4.91
2020-10-15,Region IV-A,Cavite,Cavite,4279,14.42,120.94,vegetables and fruits,Bananas (latundan),846,KG,actual,Retail,PHP,60.0,1.23
2020-10-15,Region IV-A,Cavite,Cavite,4279,14.42,120.94,vegetables and fruits,Bananas (saba),854,KG,actual,Retail,PHP,40.83,0.84
2020-10-15,Region IV-A,Laguna,Laguna,4280,14.29,121.41,"meat, fish and eggs",Eggs (duck),786,Unit,actual,Retail,PHP,8.0,0.16
2020-10-15,Region IV-B,Occidental Mindoro,Occidental Mindoro,4283,13.23,120.59,"meat, fish and eggs",Fish (roundscad),841,KG,actual,Retail,PHP,150.0,3.08
2020-10-15,Region IV-B,Romblon,Romblon,4285,12.58,122.27,cereals and tubers,Rice (well milled),872,KG,actual,Retail,PHP,41.65,0.86
2020-10-15,Region V,Camarines Norte,Camarines Norte,4286,14.12,122.96,"meat, fish and eggs",Fish (tilapia),405,KG,actual,Retail,PHP,130.0,2.67
2020-10-15,Region V,Sorsogon,Sorsogon,4290,12.97,124.01,"meat, fish and eggs",Fish (milkfish),840,KG,actual,Retail,PHP,149.78,3.08
2020-10-15,Region VI,Guimaras,Guimaras,4294,10.67,122.59,vegetables and fruits,"Beans (green, fresh)",458,KG,actual,Retail,PHP,47.56,0.98
2020-10-15,Region VIII,Eastern Samar,Eastern Samar,4300,11.61,125.43,"meat, fish and eggs",Fish (frigate tuna),865,KG,actual,Retail,PHP,158.77,3.26
2020-10-15,Region X,Bukidnon,Bukidnon,4308,8.15,125.13,"meat, fish and eggs",Meat (pork),140,KG,actual,Retail,PHP,196.36,4.04
2020-10-15,Region X,Camiguin,Camiguin,4309,9.25,124.72,"meat, fish and eggs",Meat (beef),141,KG,actual,Retail,PHP,250.0,5.14
2020-10-15,Region X,Camiguin,Camiguin,4309,9.25,124.72,vegetables and fruits,Coconut,684,KG,actual,Retail,PHP,12.0,0.25
2020-10-15,Region X,Lanao del Norte,Lanao del Norte,4310,8.04,123.8,vegetables and fruits,Pineapples,524,KG,actual,Retail,PHP,37.31,0.77
2020-10-15,Region X,Lanao del Norte,Lanao del Norte,4310,8.04,123.8,vegetables and fruits,Bitter melon,842,KG,actual,Retail,PHP,50.0,1.03
2020-10-15,Region XI,Davao del Sur,Davao del Sur,4315,6.75,125.36,vegetables and fruits,Calamansi,847,KG,actual,Retail,PHP,36.67,0.75
2020-10-15,Region XII,Sultan Kudarat,Sultan Kudarat,4320,6.63,124.6,vegetables and fruits,Beans (string),406,KG,actual,Retail,PHP,30.0,0.62
2020-10-15,Autonomous region in Muslim Mindanao,Basilan,Basilan,4325,6.66,122.14,cereals and tubers,Potatoes (Irish),148,KG,actual,Retail,PHP,101.15,2.08
2020-10-15,Autonomous region in Muslim Mindanao,Sulu,Sulu,4328,6.05,121.0,vegetables and fruits,"Beans (green, fresh)",458,KG,actual,Retail,PHP,121.5,2.5
2020-10-15,Cordillera Administrative region,Benguet,Baguio City,4343,16.42,120.6,oil and fats,Oil (cooking),82,750 ML,aggregate,Retail,PHP,38.32,0.79
2020-10-15,Region IV-A,Batangas,Batangas City,4345,13.76,121.06,vegetables and fruits,Cabbage (chinese),843,KG,aggregate,Retail,PHP,69.33,1.43
2020-10-15,Region V,Camarines Sur,Naga City,4346,13.62,123.18,oil and fats,Oil (cooking),82,750 ML,aggregate,Retail,PHP,60.0,1.23
2020-10-15,Region V,Camarines Sur,Naga City,4346,13.62,123.18,"meat, fish and eggs","Fish (mackerel, fresh)",744,KG,aggregate,Retail,PHP,170.0,3.5
2020-10-15,Region V,Camarines Sur,Naga City,4346,13.62,123.18,vegetables and fruits,Bitter melon,842,KG,aggregate,Retail,PHP,60.0,1.23
2020-10-15,Region XIII,Agusan del Norte,Butuan City,4350,8.96,125.53,oil and fats,Oil (cooking),82,750 ML,aggregate,Retail,PHP,71.8,1.48
2020-10-15,Region XIII,Agusan del Norte,Butuan City,4350,8.96,125.53,vegetables and fruits,Garlic (large),288,KG,aggregate,Retail,PHP,140.5,2.89
2020-10-15,Autonomous region in Muslim Mindanao,Maguindanao,Cotabato City,4351,7.19,124.24,oil and fats,Oil (cooking),82,750 ML,aggregate,Retail,PHP,63.29,1.3
2020-10-15,Region I,La Union,San Fernando City,4352,16.62,120.31,"meat, fish and eggs",Eggs,92,Unit,aggregate,Retail,PHP,6.63,0.14
2020-10-15,Cordillera Administrative region,Benguet,Benguet,4353,16.45,120.59,"meat, fish and eggs",Crab,860,KG,actual,Retail,PHP,331.85,6.82
2020-10-15,Cordillera Administrative region,Benguet,Benguet,4353,16.45,120.59,cereals and tubers,Rice (well milled),872,KG,actual,Retail,PHP,39.77,0.82
2020-10-15,Region III,Nueva Ecija,Nueva Ecija,4356,15.55,121.09,vegetables and fruits,Choko,851,KG,actual,Retail,PHP,27.77,0.57
2020-10-15,Region IV-A,Batangas,Batangas,4537,13.76,121.06,vegetables and fruits,Water spinach,788,KG,actual,Retail,PHP,50.69,1.04
2020-10-15,Region IV-A,Batangas,Batangas,4537,13.76,121.06,vegetables and fruits,Calamansi,847,KG,actual,Retail,PHP,50.41,1.04
2020-10-15,Region IV-B,Oriental Mindoro,Calapan City,5224,13.41,121.18,oil and fats,Oil (cooking),82,750 ML,aggregate,Retail,PHP,67.95,1.4
2020-11-15,National Capital region,Metropolitan Manila,Metro Manila,167,14.6,120.98,vegetables and fruits,Bananas (saba),854,KG,actual,Retail,PHP,50.74,1.05
2020-11-15,Region II,Cagayan,Tuguegarao City,170,17.61,121.73,cereals and tubers,"Rice (regular, milled)",80,KG,aggregate,Retail,PHP,31.5,0.65
2020-11-15,Region II,Cagayan,Tuguegarao City,170,17.61,121.73,"meat, fish and eggs","Meat (beef, chops with bones)",123,KG,aggregate,Retail,PHP,249.79,5.19
2020-11-15,Region II,Cagayan,Tuguegarao City,170,17.61,121.73,vegetables and fruits,Bananas (latundan),846,KG,aggregate,Retail,PHP,38.21,0.79
2020-11-15,Region V,Albay,Legazpi City,174,13.14,123.73,vegetables and fruits,Mangoes (carabao),848,KG,aggregate,Retail,PHP,132.67,2.75
2020-11-15,Region VI,Iloilo,Iloilo City,175,10.7,122.56,oil and fats,Oil (cooking),82,750 ML,aggregate,Retail,PHP,63.17,1.31
2020-11-15,Region VI,Iloilo,Iloilo City,175,10.7,122.56,"meat, fish and eggs","Meat (pork, with fat)",329,KG,aggregate,Retail,PHP,203.67,4.23
2020-11-15,Region IX,Zamboanga del Sur,Zamboanga City,178,6.91,122.07,oil and fats,Oil (cooking),82,750 ML,aggregate,Retail,PHP,30.8,0.64
2020-11-15,Region XI,Davao del Sur,Davao City,180,7.18,125.44,oil and fats,Oil (cooking),82,750 ML,aggregate,Retail,PHP,35.5,0.74
2020-11-15,Cordillera Administrative region,Mountain Province,Mountain Province,4266,17.09,120.98,vegetables and fruits,Onions (red),110,KG,actual,Retail,PHP,171.5,3.56
2020-11-15,Region I,La Union,La Union (Ilocos Region),4269,16.62,120.31,"meat, fish and eggs",Shrimp (endeavor),863,KG,actual,Retail,PHP,545.83,11.33
2020-11-15,Region II,Isabela,Isabela,4270,17.13,121.87,"meat, fish and eggs",Eggs,92,Unit,actual,Retail,PHP,7.1,0.15
2020-11-15,Region II,Isabela,Isabela,4270,17.13,121.87,vegetables and fruits,Bananas (saba),854,KG,actual,Retail,PHP,29.23,0.61
2020-11-15,Region II,Quirino,Quirino,4272,16.52,121.52,vegetables and fruits,Squashes,340,KG,actual,Retail,PHP,29.0,0.6
2020-11-15,Region III,Bataan,Bataan,4274,14.67,120.53,"meat, fish and eggs",Eggs (duck),786,Unit,actual,Retail,PHP,6.74,0.14
2020-11-15,Region III,Tarlac,Tarlac,4277,15.49,120.59,"meat, fish and eggs",Crab,860,KG,actual,Retail,PHP,287.91,5.98
2020-11-15,Region IV-A,Laguna,Laguna,4280,14.29,121.41,"meat, fish and eggs",Shrimp (endeavor),863,KG,actual,Retail,PHP,468.92,9.73
2020-11-15,Region IV-B,Romblon,Romblon,4285,12.58,122.27,"meat, fish and eggs",Eggs,92,Unit,actual,Retail,PHP,7.0,0.15
2020-11-15,Region V,Masbate,Masbate,4289,12.36,123.63,"meat, fish and eggs",Fish (frigate tuna),865,KG,actual,Retail,PHP,150.91,3.13
2020-11-15,Region VIII,Northern Samar,Northern Samar,4302,12.5,124.64,vegetables and fruits,Calamansi,847,KG,actual,Retail,PHP,78.1,1.62
2020-11-15,Region VIII,Northern Samar,Northern Samar,4302,12.5,124.64,"meat, fish and eggs","Meat (pork, with bones)",856,KG,actual,Retail,PHP,208.0,4.32
2020-11-15,Region X,Lanao del Norte,Lanao del Norte,4310,8.04,123.8,"meat, fish and eggs",Meat (beef),141,KG,actual,Retail,PHP,306.15,6.36
2020-11-15,Region X,Misamis Occidental,Misamis Occidental,4311,8.48,123.81,"meat, fish and eggs",Meat (beef),141,KG,actual,Retail,PHP,332.77,6.91
2020-11-15,Region X,Misamis Oriental,Misamis Oriental,4312,8.48,124.65,vegetables and fruits,Squashes,340,KG,actual,Retail,PHP,18.59,0.39
2020-11-15,Region XI,Davao del Norte,Davao del Norte,4314,7.45,125.8,vegetables and fruits,Mangoes (carabao),848,KG,actual,Retail,PHP,79.36,1.65
2020-11-15,Region XI,Davao Oriental,Davao Oriental,4317,6.96,126.21,cereals and tubers,Sweet potatoes,87,KG,actual,Retail,PHP,30.15,0.63
2020-11-15,Region XI,Davao Oriental,Davao Oriental,4317,6.96,126.21,pulses and nuts,Groundnuts (shelled),119,KG,actual,Retail,PHP,111.28,2.31
2020-11-15,Region XI,Davao Oriental,Davao Oriental,4317,6.96,126.21,cereals and tubers,Rice (special),874,KG,actual,Retail,PHP,48.26,1.0
2020-11-15,Region XII,North Cotabato,Cotabato,4318,7.01,125.09,"meat, fish and eggs",Meat (pork),140,KG,actual,Retail,PHP,180.0,3.74
2020-11-15,Region XII,Sultan Kudarat,Sultan Kudarat,4320,6.63,124.6,vegetables and fruits,Water spinach,788,KG,actual,Retail,PHP,20.0,0.42
2020-11-15,Region XIII,Surigao del Norte,Surigao del Norte,4324,9.79,125.5,vegetables and fruits,Ginger,712,KG,actual,Retail,PHP,138.15,2.87
2020-11-15,Cordillera Administrative region,Benguet,Baguio City,4343,16.42,120.6,oil and fats,Oil (cooking),82,750 ML,aggregate,Retail,PHP,52.16,1.08
2020-11-15,Cordillera Administrative region,Benguet,Baguio City,4343,16.42,120.6,vegetables and fruits,"Beans (green, fresh)",458,KG,aggregate,Retail,PHP,112.27,2.33
2020-11-15,Region III,Nueva Ecija,Cabanatuan City,4344,15.49,120.96,oil and fats,Oil (cooking),82,750 ML,aggregate,Retail,PHP,65.0,1.35
2020-11-15,Region X,Misamis Oriental,Cagayan de Oro City,4348,8.48,124.65,"meat, fish and eggs",Meat (pork),140,KG,aggregate,Retail,PHP,210.0,4.36
2020-11-15,Region XII,North Cotabato,Kidapawan City,4349,7.01,125.09,vegetables and fruits,Cabbage (chinese),843,KG,aggregate,Retail,PHP,67.0,1.39
2020-11-15,Autonomous region in Muslim Mindanao,Maguindanao,Cotabato City,4351,7.19,124.24,oil and fats,Oil (cooking),82,750 ML,aggregate,Retail,PHP,69.86,1.45
2020-11-15,Region III,Nueva Ecija,Nueva Ecija,4356,15.55,121.09,vegetables and fruits,Bitter melon,842,KG,actual,Retail,PHP,54.75,1.14
2020-11-15,Region IV-B,Palawan,Palawan,4358,9.78,118.74,vegetables and fruits,Beans (string),406,KG,actual,Retail,PHP,78.0,1.62
2020-11-15,Region IV-B,Palawan,Palawan,4358,9.78,118.74,cereals and tubers,Rice (special),874,KG,actual,Retail,PHP,54.75,1.14
2020-12-15,National Capital region,Metropolitan Manila,Metro Manila,167,14.6,120.98,oil and fats,Oil (cooking),82,750 ML,aggregate,Retail,PHP,36.26,0.75
2020-12-15,National Capital region,Metropolitan Manila,Metro Manila,167,14.6,120.98,vegetables and fruits,Carrots,166,KG,"actual,aggregate",Retail,PHP,121.87,2.53
2020-12-15,Region II,Cagayan,Tuguegarao City,170,17.61,121.73,oil and fats,Oil (cooking),82,750 ML,aggregate,Retail,PHP,19.6,0.41
2020-12-15,Region V,Albay,Legazpi City,174,13.14,123.73,cereals and tubers,Rice (premium),873,KG,aggregate,Retail,PHP,44.0,0.92
2020-12-15,Region VI,Iloilo,Iloilo City,175,10.7,122.56,oil and fats,Oil (cooking),82,750 ML,aggregate,Retail,PHP,73.39,1.53
2020-12-15,Region VII,Cebu,Cebu City,176,10.31,123.89,oil and fats,Oil (cooking),82,750 ML,aggregate,Retail,PHP,70.0,1.46
2020-12-15,Region IX,Zamboanga del Sur,Zamboanga City,178,6.91,122.07,"meat, fish and eggs",Eggs,92,Unit,"actual,aggregate",Retail,PHP,6.53,0.14
2020-12-15,Region IX,Zamboanga del Sur,Zamboanga City,178,6.91,122.07,vegetables and fruits,Mangoes (carabao),848,KG,"actual,aggregate",Retail,PHP,137.99,2.87
2020-12-15,Cordillera Administrative region,Abra,Abra,4262,17.6,120.62,vegetables and fruits,Cabbage (chinese),843,KG,actual,Retail,PHP,41.0,0.85
2020-12-15,Cordillera Administrative region,Kalinga,Kalinga,4265,17.47,121.47,"meat, fish and eggs",Fish (milkfish),840,KG,actual,Retail,PHP,166.0,3.45
2020-12-15,Region III,Aurora,Aurora,4273,15.75,121.56,cereals and tubers,Taro,598,KG,actual,Retail,PHP,47.0,0.98
2020-12-15,Region III,Bulacan,Pampanga,4276,15.02,121.09,vegetables and fruits,Tomatoes,114,KG,actual,Retail,PHP,139.98,2.91
2020-12-15,Region III,Zambales,Zambales,4278,15.34,119.97,pulses and nuts,Groundnuts (shelled),119,KG,actual,Retail,PHP,110.0,2.29
2020-12-15,Region IV-B,Oriental Mindoro,Oriental Mindoro,4284,13.41,121.18,"meat, fish and eggs",Eggs,92,Unit,actual,Retail,PHP,6.95,0.14
2020-12-15,Region IV-B,Romblon,Romblon,4285,12.58,122.27,vegetables and fruits,Sweet Potato leaves,853,KG,actual,Retail,PHP,27.97,0.58
2020-12-15,Region V,Masbate,Camarines Sur,4287,12.55,123.27,vegetables and fruits,Onions (white),111,KG,actual,Retail,PHP,120.55,2.51
2020-12-15,Region V,Masbate,Camarines Sur,4287,12.55,123.27,cereals and tubers,Potatoes (Irish),148,KG,actual,Retail,PHP,116.0,2.41
2020-12-15,Region V,Catanduanes,Catanduanes,4288,13.58,124.23,cereals and tubers,Rice (premium),873,KG,actual,Retail,PHP,43.6,0.91
2020-12-15,Region V,Sorsogon,Sorsogon,4290,12.97,124.01,vegetables and fruits,Bananas (lakatan),845,KG,actual,Retail,PHP,73.11,1.52
2020-12-15,Region VI,Antique,Antique,4292,10.76,121.94,"meat, fish and eggs",Fish (slipmouth),862,KG,actual,Retail,PHP,121.71,2.53
2020-12-15,Region VI,Negros Occidental,Negros Occidental,4295,10.67,122.95,"meat, fish and eggs",Fish (tilapia),405,KG,actual,Retail,PHP,153.69,3.2
2020-12-15,Region VI,Negros Occidental,Negros Occidental,4295,10.67,122.95,vegetables and fruits,Bananas (latundan),846,KG,actual,Retail,PHP,73.0,1.52
2020-12-15,Region VII,Negros Oriental,Negros Oriental,4297,9.31,123.31,vegetables and fruits,Bitter melon,842,KG,actual,Retail,PHP,74.8,1.56
2020-12-15,Region VIII,Northern Samar,Northern Samar,4302,12.5,124.64,vegetables and fruits,Calamansi,847,KG,actual,Retail,PHP,82.0,1.71
2020-12-15,Region VIII,Northern Samar,Northern Samar,4302,12.5,124.64,vegetables and fruits,Bananas (saba),854,KG,actual,Retail,PHP,46.0,0.96
2020-12-15,Region VIII,Samar,Samar,4303,11.77,124.88,"meat, fish and eggs",Meat (pork),140,KG,actual,Retail,PHP,251.17,5.22
2020-12-15,Region VIII,Samar,Samar,4303,11.77,124.88,vegetables and fruits,Choko,851,KG,actual,Retail,PHP,29.0,0.6
2020-12-15,Region VIII,Southern Leyte,Southern Leyte,4304,10.13,124.83,vegetables and fruits,Beans (string),406,KG,actual,Retail,PHP,74.46,1.55
2020-12-15,Region IX,Zamboanga Sibugay,Zamboanga Sibugay,4307,7.78,122.58,vegetables and fruits,Choko,851,KG,actual,Retail,PHP,30.06,0.63
2020-12-15,Region X,Bukidnon,Bukidnon,4308,8.15,125.13,"meat, fish and eggs","Meat (pork, hock)",858,KG,actual,Retail,PHP,179.57,3.73
2020-12-15,Region X,Misamis Occidental,Misamis Occidental,4311,8.48,123.81,cereals and tubers,"Rice (regular, milled)",80,KG,actual,Retail,PHP,35.83,0.75
2020-12-15,Region XI,Davao del Sur,Davao del Sur,4315,6.75,125.36,"meat, fish and eggs",Eggs,92,Unit,actual,Retail,PHP,6.01,0.12
2020-12-15,Cordillera Administrative region,Benguet,Baguio City,4343,16.42,120.6,oil and fats,Oil (cooking),82,750 ML,aggregate,Retail,PHP,66.0,1.37
2020-12-15,Cordillera Administrative region,Benguet,Baguio City,4343,16.42,120.6,"meat, fish and eggs",Eggs,92,Unit,aggregate,Retail,PHP,6.88,0.14
2020-12-15,Region III,Nueva Ecija,Cabanatuan City,4344,15.49,120.96,oil and fats,Oil (cooking),82,750 ML,aggregate,Retail,PHP,65.0,1.35
2020-12-15,Region III,Nueva Ecija,Cabanatuan City,4344,15.49,120.96,cereals and tubers,Potatoes (Irish),148,KG,aggregate,Retail,PHP,86.0,1.79
2020-12-15,Region IV-A,Batangas,Batangas City,4345,13.76,121.06,cereals and tubers,Potatoes (Irish),148,KG,aggregate,Retail,PHP,83.16,1.73
2020-12-15,Region VIII,Leyte,Tacloban City,4347,11.25,125.0,vegetables and fruits,"Beans (green, fresh)",458,KG,aggregate,Retail,PHP,75.77,1.58
2020-12-15,Region VIII,Leyte,Tacloban City,4347,11.25,125.0,"meat, fish and eggs",Fish (milkfish),840,KG,aggregate,Retail,PHP,155.23,3.23
2020-12-15,Region X,Misamis Oriental,Cagayan de Oro City,4348,8.48,124.65,vegetables and fruits,Eggplants,434,KG,aggregate,Retail,PHP,53.42,1.11
2020-12-15,Region XII,North Cotabato,Kidapawan City,4349,7.01,125.09,vegetables and fruits,Cabbage (chinese),843,KG,aggregate,Retail,PHP,70.32,1.46
2020-12-15,Region XIII,Agusan del Norte,Butuan City,4350,8.96,125.53,oil and fats,Oil (cooking),82,750 ML,aggregate,Retail,PHP,71.8,1.49
2020-12-15,Autonomous region in Muslim Mindanao,Maguindanao,Cotabato City,4351,7.19,124.24,vegetables and fruits,Papaya,408,KG,aggregate,Retail,PHP,24.79,0.52
2020-12-15,Autonomous region in Muslim Mindanao,Maguindanao,Cotabato City,4351,7.19,124.24,"meat, fish and eggs","Fish (mackerel, fresh)",744,KG,aggregate,Retail,PHP,325.08,6.76
2020-12-15,Region I,La Union,San Fernando City,4352,16.62,120.31,vegetables and fruits,Garlic (small),289,KG,aggregate,Retail,PHP,268.3,5.58
2020-12-15,Region I,La Union,San Fernando City,4352,16.62,120.31,vegetables and fruits,Papaya,408,KG,aggregate,Retail,PHP,44.37,0.92
2020-12-15,Cordillera Administrative region,Benguet,Benguet,4353,16.45,120.59,"meat, fish and eggs","Meat (chicken, whole)",125,KG,actual,Retail,PHP,211.29,4.39
2020-12-15,Region XIII,Surigao del Sur,Surigao del Sur,4363,9.06,126.2,"meat, fish and eggs",Eggs,92,Unit,actual,Retail,PHP,6.39,0.13
2020-12-15,Region IV-A,Batangas,Batangas,4537,13.76,121.06,vegetables and fruits,Cabbage,181,KG,actual,Retail,PHP,126.81,2.64
2020-12-15,Region IV-B,Oriental Mindoro,Calapan City,5224,13.41,121.18,"meat, fish and eggs",Eggs,92,Unit,aggregate,Retail,PHP,6.61,0.14
2020-12-15,Region IV-B,Oriental Mindoro,Calapan City,5224,13.41,121.18,vegetables and fruits,Ginger,712,KG,aggregate,Retail,PHP,115.87,2.41
2020-12-15,Region IV-B,Oriental Mindoro,Calapan City,5224,13.41,121.18,"meat, fish and eggs",Fish (roundscad),841,KG,aggregate,Retail,PHP,168.52,3.5
2021-01-15,National Capital region,Metropolitan Manila,Metro Manila,167,14.6,120.98,vegetables and fruits,Beans (string),406,KG,aggregate,Retail,PHP,125.81,2.62
2021-01-15,National Capital region,Metropolitan Manila,Metro Manila,167,14.6,120.98,cereals and tubers,Taro,598,KG,actual,Retail,PHP,92.8,1.93
2021-01-15,National Capital region,Metropolitan Manila,Metro Manila,167,14.6,120.98,"meat, fish and eggs",Fish (roundscad),841,KG,"actual,aggregate",Retail,PHP,248.23,5.17
2021-01-15,Region II,Cagayan,Tuguegarao City,170,17.61,121.73,cereals and tubers,"Rice (regular, milled)",80,KG,aggregate,Retail,PHP,31.0,0.65
2021-01-15,Region II,Cagayan,Tuguegarao City,170,17.61,121.73,vegetables and fruits,Onions (red),110,KG,aggregate,Retail,PHP,122.5,2.55
2021-01-15,Region II,Cagayan,Tuguegarao City,170,17.61,121.73,vegetables and fruits,Cabbage,181,KG,aggregate,Retail,PHP,135.25,2.82
2021-01-15,Region VII,Cebu,Cebu City,176,10.31,123.89,oil and fats,Oil (cooking),82,750 ML,aggregate,Retail,PHP,70.0,1.46
2021-01-15,Region VII,Cebu,Cebu City,176,10.31,123.89,"meat, fish and eggs","Meat (chicken, whole)",125,KG,aggregate,Retail,PHP,156.32,3.25
2021-01-15,Region VII,Cebu,Cebu City,176,10.31,123.89,vegetables and fruits,"Beans (green, fresh)",458,KG,aggregate,Retail,PHP,68.51,1.43
2021-01-15,Region XI,Davao del Sur,Davao City,180,7.18,125.44,oil and fats,Oil (cooking),82,750 ML,aggregate,Retail,PHP,37.14,0.77
2021-01-15,Region I,La Union,La Union (Ilocos Region),4269,16.62,120.31,"meat, fish and eggs","Meat (beef, chops with bones)",123,KG,actual,Retail,PHP,305.0,6.35
2021-01-15,Region III,Bulacan,Pampanga,4276,15.02,121.09,vegetables and fruits,Garlic,105,KG,actual,Retail,PHP,109.38,2.28
2021-01-15,Region III,Zambales,Zambales,4278,15.34,119.97,"meat, fish and eggs",Eggs,92,Unit,actual,Retail,PHP,7.69,0.16
2021-01-15,Region V,Masbate,Masbate,4289,12.36,123.63,vegetables and fruits,Beans (string),406,KG,actual,Retail,PHP,60.0,1.25
2021-01-15,Region VII,Bohol,Bohol,4296,9.66,123.87,vegetables and fruits,Eggplants,434,KG,actual,Retail,PHP,100.0,2.08
2021-01-15,Region XII,North Cotabato,Cotabato,4318,7.01,125.09,vegetables and fruits,Carrots,166,KG,actual,Retail,PHP,84.38,1.76
2021-01-15,Region XII,Sultan Kudarat,Sultan Kudarat,4320,6.63,124.6,vegetables and fruits,Tomatoes,114,KG,actual,Retail,PHP,69.38,1.44
2021-01-15,Region XIII,Agusan del Norte,Agusan del Norte,4321,9.12,125.55,cereals and tubers,Taro,598,KG,actual,Retail,PHP,40.63,0.85
2021-01-15,Region XIII,Agusan del Sur,Agusan del Sur,4322,8.61,125.91,"meat, fish and eggs",Eggs (duck),786,Unit,actual,Retail,PHP,7.33,0.15
2021-01-15,Cordillera Administrative region,Benguet,Baguio City,4343,16.42,120.6,miscellaneous food,Sugar (white),349,KG,aggregate,Retail,PHP,56.0,1.17
2021-01-15,Region III,Nueva Ecija,Cabanatuan City,4344,15.49,120.96,oil and fats,Oil (cooking),82,750 ML,aggregate,Retail,PHP,65.0,1.35
2021-01-15,Region IV-A,Batangas,Batangas City,4345,13.76,121.06,oil and fats,Oil (cooking),82,750 ML,aggregate,Retail,PHP,18.4,0.38
2021-01-15,Region IV-A,Batangas,Batangas City,4345,13.76,121.06,"meat, fish and eggs","Meat (pork, with fat)",329,KG,aggregate,Retail,PHP,352.58,7.34
2021-01-15,Region IV-A,Batangas,Batangas City,4345,13.76,121.06,"meat, fish and eggs",Fish (tilapia),405,KG,aggregate,Retail,PHP,134.58,2.8
2021-01-15,Region VIII,Leyte,Tacloban City,4347,11.25,125.0,oil and fats,Oil (cooking),82,750 ML,aggregate,Retail,PHP,76.0,1.58
2021-01-15,Region VIII,Leyte,Tacloban City,4347,11.25,125.0,vegetables and fruits,Cabbage (chinese),843,KG,aggregate,Retail,PHP,69.94,1.46
2021-01-15,Region X,Misamis Oriental,Cagayan de Oro City,4348,8.48,124.65,cereals and tubers,Potatoes (Irish),148,KG,aggregate,Retail,PHP,57.63,1.2
2021-01-15,Region X,Misamis Oriental,Cagayan de Oro City,4348,8.48,124.65,vegetables and fruits,"Beans (green, fresh)",458,KG,aggregate,Retail,PHP,60.0,1.25
2021-01-15,Region XII,North Cotabato,Kidapawan City,4349,7.01,125.09,oil and fats,Oil (cooking),82,750 ML,aggregate,Retail,PHP,44.32,0.92
2021-01-15,Region XII,North Cotabato,Kidapawan City,4349,7.01,125.09,vegetables and fruits,Cabbage,181,KG,aggregate,Retail,PHP,66.33,1.38
2021-01-15,Region XIII,Agusan del Norte,Butuan City,4350,8.96,125.53,oil and fats,Oil (cooking),82,750 ML,aggregate,Retail,PHP,72.16,1.5
2021-01-15,Region XIII,Agusan del Norte,Butuan City,4350,8.96,125.53,"meat, fish and eggs",Fish (tilapia),405,KG,aggregate,Retail,PHP,155.34,3.23
2021-01-15,Region XIII,Agusan del Norte,Butuan City,4350,8.96,125.53,vegetables and fruits,Bananas (lakatan),845,KG,aggregate,Retail,PHP,65.68,1.37
2021-01-15,Region I,La Union,San Fernando City,4352,16.62,120.31,"meat, fish and eggs","Meat (beef, chops with bones)",123,KG,aggregate,Retail,PHP,314.24,6.54
2021-01-15,Region I,La Union,San Fernando City,4352,16.62,120.31,"meat, fish and eggs",Meat (pork),140,KG,aggregate,Retail,PHP,338.62,7.05
2021-01-15,Region VI,Iloilo,Iloilo,4360,10.69,122.57,"meat, fish and eggs",Eggs,92,Unit,actual,Retail,PHP,6.89,0.14
2021-01-15,Region IV-B,Oriental Mindoro,Calapan City,5224,13.41,121.18,vegetables and fruits,Cabbage,181,KG,aggregate,Retail,PHP,166.8,3.47
2021-02-15,National Capital region,Metropolitan Manila,Metro Manila,167,14.6,120.98,oil and fats,Oil (cooking),82,750 ML,aggregate,Retail,PHP,61.82,1.29
2021-02-15,Region II,Cagayan,Tuguegarao City,170,17.61,121.73,oil and fats,Oil (cooking),82,750 ML,aggregate,Retail,PHP,23.39,0.49
2021-02-15,Region VII,Cebu,Cebu City,176,10.31,123.89,vegetables and fruits,"Beans (green, fresh)",458,KG,aggregate,Retail,PHP,75.8,1.58
2021-02-15,Region IX,Zamboanga del Sur,Zamboanga City,178,6.91,122.07,oil and fats,Oil (cooking),82,750 ML,aggregate,Retail,PHP,31.28,0.65
2021-02-15,Region IX,Zamboanga del Sur,Zamboanga City,178,6.91,122.07,cereals and tubers,Potatoes (Irish),148,KG,aggregate,Retail,PHP,89.67,1.87
2021-02-15,Region XI,Davao del Sur,Davao City,180,7.18,125.44,oil and fats,Oil (cooking),82,750 ML,aggregate,Retail,PHP,50.85,1.06
2021-02-15,Region XI,Davao del Sur,Davao City,180,7.18,125.44,"meat, fish and eggs","Meat (beef, chops with bones)",123,KG,aggregate,Retail,PHP,260.0,5.42
2021-02-15,Region XI,Davao del Sur,Davao City,180,7.18,125.44,miscellaneous food,Sugar (white),349,KG,aggregate,Retail,PHP,54.38,1.13
2021-02-15,Region V,Masbate,Camarines Sur,4287,12.55,123.27,"meat, fish and eggs",Meat (beef),141,KG,actual,Retail,PHP,340.0,7.09
2021-02-15,Region V,Sorsogon,Sorsogon,4290,12.97,124.01,vegetables and fruits,Choko,851,KG,actual,Retail,PHP,41.88,0.87
2021-02-15,Region VIII,Biliran,Biliran,4299,11.56,124.39,"meat, fish and eggs",Eggs,92,Unit,actual,Retail,PHP,8.5,0.18
2021-02-15,Region IX,Zamboanga del Sur,Zamboanga del Sur,4306,7.82,123.44,"meat, fish and eggs",Eggs,92,Unit,actual,Retail,PHP,6.69,0.14
2021-02-15,Region X,Camiguin,Camiguin,4309,9.25,124.72,vegetables and fruits,Onions (red),110,KG,actual,Retail,PHP,156.25,3.26
2021-02-15,Region X,Misamis Occidental,Misamis Occidental,4311,8.48,123.81,"meat, fish and eggs","Meat (beef, chops with bones)",123,KG,actual,Retail,PHP,246.25,5.14
2021-02-15,Region XI,Davao del Norte,Davao del Norte,4314,7.45,125.8,vegetables and fruits,Coconut,684,KG,actual,Retail,PHP,20.0,0.42
2021-02-15,Region XIII,Agusan del Sur,Agusan del Sur,4322,8.61,125.91,"meat, fish and eggs",Eggs,92,Unit,actual,Retail,PHP,7.09,0.15
2021-02-15,Autonomous region in Muslim Mindanao,Maguindanao,Maguindanao,4327,6.72,124.79,vegetables and fruits,Tomatoes,114,KG,actual,Retail,PHP,45.63,0.95
2021-02-15,Autonomous region in Muslim Mindanao,Maguindanao,Maguindanao,4327,6.72,124.79,vegetables and fruits,Mangoes (piko),855,KG,actual,Retail,PHP,120.0,2.5
2021-02-15,Cordillera Administrative region,Benguet,Baguio City,4343,16.42,120.6,oil and fats,Oil (cooking),82,750 ML,aggregate,Retail,PHP,66.0,1.38
2021-02-15,Cordillera Administrative region,Benguet,Baguio City,4343,16.42,120.6,vegetables and fruits,Ginger,712,KG,aggregate,Retail,PHP,112.67,2.35
2021-02-15,Region III,Nueva Ecija,Cabanatuan City,4344,15.49,120.96,oil and fats,Oil (cooking),82,750 ML,aggregate,Retail,PHP,50.0,1.04
2021-02-15,Region IV-A,Batangas,Batangas City,4345,13.76,121.06,vegetables and fruits,Bananas (lakatan),845,KG,aggregate,Retail,PHP,76.67,1.6
2021-02-15,Region X,Misamis Oriental,Cagayan de Oro City,4348,8.48,124.65,"meat, fish and eggs",Meat (beef),141,KG,aggregate,Retail,PHP,310.0,6.47
2021-02-15,Region XII,North Cotabato,Kidapawan City,4349,7.01,125.09,"meat, fish and eggs","Meat (chicken, whole)",125,KG,aggregate,Retail,PHP,213.5,4.45
2021-02-15,Region XII,North Cotabato,Kidapawan City,4349,7.01,125.09,vegetables and fruits,Papaya,408,KG,aggregate,Retail,PHP,33.33,0.7
2021-02-15,Region XII,North Cotabato,Kidapawan City,4349,7.01,125.09,cereals and tubers,Rice (special),874,KG,aggregate,Retail,PHP,42.56,0.89
2021-02-15,Autonomous region in Muslim Mindanao,Maguindanao,Cotabato City,4351,7.19,124.24,oil and fats,Oil (cooking),82,750 ML,aggregate,Retail,PHP,71.65,1.49
2021-02-15,Region I,Pangasinan,Pangasinan,4354,16.02,120.23,"meat, fish and eggs",Fish (tilapia),405,KG,actual,Retail,PHP,126.25,2.63
2021-02-15,Region IV-A,Rizal,Rizal,4357,14.59,121.17,"meat, fish and eggs",Fish (roundscad),841,KG,actual,Retail,PHP,251.25,5.24
2021-02-15,Region V,Albay,Albay,4359,13.15,123.75,vegetables and fruits,Bitter melon,842,KG,actual,Retail,PHP,108.75,2.27
2021-02-15,Region V,Albay,Albay,4359,13.15,123.75,"meat, fish and eggs","Meat (pork, hock)",858,KG,actual,Retail,PHP,217.5,4.54
2021-02-15,Region VI,Iloilo,Iloilo,4360,10.69,122.57,vegetables and fruits,Choko,851,KG,actual,Retail,PHP,42.5,0.89
2021-02-15,Region VII,Cebu,Cebu,4361,10.29,123.9,vegetables and fruits,Coconut,684,KG,actual,Retail,PHP,31.5,0.66
2021-03-15,Cordillera Administrative region,Mountain Province,Mountain Province,4266,17.09,120.98,vegetables and fruits,Bananas (lakatan),845,KG,actual,Retail,PHP,86.67,1.79
2021-03-15,Region I,La Union,La Union (Ilocos Region),4269,16.62,120.31,vegetables and fruits,Squashes,340,KG,actual,Retail,PHP,42.5,0.88
2021-03-15,Region III,Bulacan,Pampanga,4276,15.02,121.09,"meat, fish and eggs",Fish (roundscad),841,KG,actual,Retail,PHP,178.75,3.68
2021-03-15,Region IV-A,Laguna,Laguna,4280,14.29,121.41,"meat, fish and eggs",Fish (tilapia),405,KG,actual,Retail,PHP,142.5,2.94
2021-03-15,Region V,Sorsogon,Sorsogon,4290,12.97,124.01,cereals and tubers,"Rice (regular, milled)",80,KG,actual,Retail,PHP,38.73,0.8
2021-03-15,Region VI,Negros Occidental,Negros Occidental,4295,10.67,122.95,vegetables and fruits,"Beans (green, fresh)",458,KG,actual,Retail,PHP,88.75,1.83
2021-03-15,Region VIII,Leyte,Leyte,4301,11.25,125.0,vegetables and fruits,Squashes,340,KG,actual,Retail,PHP,52.5,1.08
2021-03-15,Region X,Bukidnon,Bukidnon,4308,8.15,125.13,vegetables and fruits,Cabbage,181,KG,actual,Retail,PHP,58.75,1.21
2021-03-15,Region X,Camiguin,Camiguin,4309,9.25,124.72,"meat, fish and eggs",Crab,860,KG,actual,Retail,PHP,286.67,5.91
2021-03-15,Region X,Lanao del Norte,Lanao del Norte,4310,8.04,123.8,"meat, fish and eggs",Fish (milkfish),840,KG,actual,Retail,PHP,191.25,3.94
2021-03-15,Region X,Misamis Occidental,Misamis Occidental,4311,8.48,123.81,vegetables and fruits,Cabbage (chinese),843,KG,actual,Retail,PHP,87.5,1.8
2021-03-15,Region XII,North Cotabato,Cotabato,4318,7.01,125.09,"meat, fish and eggs","Meat (chicken, whole)",125,KG,actual,Retail,PHP,206.25,4.25
2021-03-15,Region V,Albay,Albay,4359,13.15,123.75,vegetables and fruits,Bitter melon,842,KG,actual,Retail,PHP,71.25,1.47
2021-04-15,Cordillera Administrative region,Apayao,Apayao,4263,18.01,121.19,vegetables and fruits,Ginger,712,KG,actual,Retail,PHP,136.88,2.82
2021-04-15,Region II,Quirino,Quirino,4272,16.52,121.52,"meat, fish and eggs",Eggs,92,Unit,actual,Retail,PHP,6.69,0.14
2021-04-15,Region II,Quirino,Quirino,4272,16.52,121.52,"meat, fish and eggs","Meat (beef, chops with bones)",123,KG,actual,Retail,PHP,223.75,4.62
2021-04-15,Region III,Bulacan,Pampanga,4276,15.02,121.09,cereals and tubers,"Rice (regular, milled)",80,KG,actual,Retail,PHP,37.25,0.77
2021-04-15,Region IV-A,Laguna,Laguna,4280,14.29,121.41,"meat, fish and eggs",Fish (roundscad),841,KG,actual,Retail,PHP,198.75,4.1
2021-04-15,Region IV-B,Marinduque,Marinduque,4282,13.45,121.84,vegetables and fruits,Choko,851,KG,actual,Retail,PHP,29.38,0.61
2021-04-15,Region IV-B,Romblon,Romblon,4285,12.58,122.27,cereals and tubers,Rice (special),874,KG,actual,Retail,PHP,50.83,1.05
2021-04-15,Region V,Camarines Norte,Camarines Norte,4286,14.12,122.96,"meat, fish and eggs",Crab,860,KG,actual,Retail,PHP,212.5,4.38
2021-04-15,Region VI,Negros Occidental,Negros Occidental,4295,10.67,122.95,vegetables and fruits,Beans (string),406,KG,actual,Retail,PHP,64.58,1.33
2021-04-15,Region XI,Davao del Sur,Davao del Sur,4315,6.75,125.36,vegetables and fruits,Carrots,166,KG,actual,Retail,PHP,60.0,1.24
2021-04-15,Region IV-A,Batangas,Batangas,4537,13.76,121.06,vegetables and fruits,Carrots,166,KG,actual,Retail,PHP,92.5,1.91
2021-05-15,Cordillera Administrative region,Ifugao,Ifugao,4264,16.8,121.12,cereals and tubers,Sweet potatoes,87,KG,actual,Retail,PHP,47.86,1.0
2021-05-15,Cordillera Administrative region,Mountain Province,Mountain Province,4266,17.09,120.98,vegetables and fruits,Eggplants,434,KG,actual,Retail,PHP,70.0,1.46
2021-05-15,Region II,Quirino,Quirino,4272,16.52,121.52,"meat, fish and eggs","Meat (beef, chops with bones)",123,KG,actual,Retail,PHP,248.75,5.2
2021-05-15,Region II,Quirino,Quirino,4272,16.52,121.52,"meat, fish and eggs",Fish (tilapia),405,KG,actual,Retail,PHP,130.0,2.72
2021-05-15,Region III,Bataan,Bataan,4274,14.67,120.53,"meat, fish and eggs","Meat (pork, with bones)",856,KG,actual,Retail,PHP,373.75,7.82
2021-05-15,Region III,Bulacan,Bulacan,4275,14.84,120.81,"meat, fish and eggs",Anchovies,711,KG,actual,Retail,PHP,138.75,2.9
2021-05-15,Region III,Bulacan,Pampanga,4276,15.02,121.09,"meat, fish and eggs",Eggs (duck),786,Unit,actual,Retail,PHP,7.08,0.15
2021-05-15,Region V,Camarines Norte,Camarines Norte,4286,14.12,122.96,cereals and tubers,"Rice (regular, milled)",80,KG,actual,Retail,PHP,37.59,0.79
2021-05-15,Region V,Masbate,Camarines Sur,4287,12.55,123.27,"meat, fish and eggs","Meat (beef, chops with bones)",123,KG,actual,Retail,PHP,321.25,6.72
2021-05-15,Region VII,Negros Oriental,Negros Oriental,4297,9.31,123.31,vegetables and fruits,Bottle gourd,852,KG,actual,Retail,PHP,37.5,0.78
2021-05-15,Region VII,Negros Oriental,Negros Oriental,4297,9.31,123.31,cereals and tubers,Rice (well milled),872,KG,actual,Retail,PHP,43.03,0.9
2021-05-15,Region VIII,Eastern Samar,Eastern Samar,4300,11.61,125.43,"meat, fish and eggs",Fish (roundscad),841,KG,actual,Retail,PHP,190.0,3.98
2021-05-15,Region IX,Zamboanga Sibugay,Zamboanga Sibugay,4307,7.78,122.58,"meat, fish and eggs","Meat (beef, chops with bones)",123,KG,actual,Retail,PHP,227.5,4.76
2021-05-15,Region X,Misamis Occidental,Misamis Occidental,4311,8.48,123.81,"meat, fish and eggs",Eggs,92,Unit,actual,Retail,PHP,6.69,0.14
2021-05-15,Region XII,North Cotabato,Cotabato,4318,7.01,125.09,vegetables and fruits,Ginger,712,KG,actual,Retail,PHP,97.5,2.04
2021-05-15,Region XIII,Agusan del Norte,Agusan del Norte,4321,9.12,125.55,"meat, fish and eggs","Meat (beef, chops with bones)",123,KG,actual,Retail,PHP,286.25,5.99
2021-05-15,Region XIII,Surigao del Norte,Surigao del Norte,4324,9.79,125.5,"meat, fish and eggs",Fish (tilapia),405,KG,actual,Retail,PHP,140.0,2.93
2021-05-15,Region V,Albay,Albay,4359,13.15,123.75,vegetables and fruits,Mangoes (carabao),848,KG,actual,Retail,PHP,107.5,2.25
2021-06-15,Region II,Nueva Vizcaya,Nueva Vizcaya,4271,16.49,121.15,"meat, fish and eggs",Anchovies,711,KG,actual,Retail,PHP,275.0,5.72
2021-06-15,Region III,Bulacan,Bulacan,4275,14.84,120.81,vegetables and fruits,Bitter melon,842,KG,actual,Retail,PHP,56.25,1.17
2021-06-15,Region IV-B,Marinduque,Marinduque,4282,13.45,121.84,"meat, fish and eggs",Fish (milkfish),840,KG,actual,Retail,PHP,195.0,4.06
2021-06-15,Region IV-B,Oriental Mindoro,Oriental Mindoro,4284,13.41,121.18,vegetables and fruits,Tomatoes,114,KG,actual,Retail,PHP,37.5,0.78
2021-06-15,Region V,Camarines Norte,Camarines Norte,4286,14.12,122.96,vegetables and fruits,Squashes,340,KG,actual,Retail,PHP,38.38,0.8
2021-06-15,Region VIII,Biliran,Biliran,4299,11.56,124.39,"meat, fish and eggs",Meat (pork),140,KG,actual,Retail,PHP,267.5,5.57
2021-06-15,Region VIII,Samar,Samar,4303,11.77,124.88,vegetables and fruits,Carrots,166,KG,actual,Retail,PHP,103.75,2.16
2021-06-15,Region X,Lanao del Norte,Lanao del Norte,4310,8.04,123.8,"meat, fish and eggs",Meat (pork),140,KG,actual,Retail,PHP,265.0,5.51
2021-06-15,Region XII,Sarangani,Sarangani,4319,6.1,125.29,"meat, fish and eggs",Eggs,92,Unit,actual,Retail,PHP,6.33,0.13
2021-06-15,Region XII,Sultan Kudarat,Sultan Kudarat,4320,6.63,124.6,vegetables and fruits,Eggplants,434,KG,actual,Retail,PHP,46.25,0.96
2021-06-15,Region XII,Sultan Kudarat,Sultan Kudarat,4320,6.63,124.6,"meat, fish and eggs","Meat (pork, with bones)",856,KG,actual,Retail,PHP,246.25,5.12
2021-06-15,Region XIII,Agusan del Sur,Agusan del Sur,4322,8.61,125.91,vegetables and fruits,Eggplants,434,KG,actual,Retail,PHP,63.75,1.33
2021-06-15,Region XIII,Agusan del Sur,Agusan del Sur,4322,8.61,125.91,"meat, fish and eggs","Meat (pork, with bones)",856,KG,actual,Retail,PHP,268.75,5.59
2021-06-15,Region II,Cagayan,Cagayan,4355,17.63,121.73,"meat, fish and eggs",Eggs (duck),786,Unit,actual,Retail,PHP,8.19,0.17
2021-07-15,National Capital region,Metropolitan Manila,Metro Manila,167,14.6,120.98,"meat, fish and eggs","Meat (pork, hock)",858,KG,actual,Retail,PHP,309.89,6.18
2021-07-15,Cordillera Administrative region,Mountain Province,Mountain Province,4266,17.09,120.98,vegetables and fruits,Garlic,105,KG,actual,Retail,PHP,148.33,2.96
2021-07-15,Region I,Ilocos Norte,Ilocos Norte,4267,18.19,120.6,"meat, fish and eggs",Eggs,92,Unit,actual,Retail,PHP,6.73,0.13
2021-07-15,Region I,La Union,La Union (Ilocos Region),4269,16.62,120.31,cereals and tubers,"Rice (regular, milled)",80,KG,actual,Retail,PHP,35.75,0.71
2021-07-15,Region I,La Union,La Union (Ilocos Region),4269,16.62,120.31,vegetables and fruits,Beans (string),406,KG,actual,Retail,PHP,55.0,1.1
2021-07-15,Region III,Aurora,Aurora,4273,15.75,121.56,vegetables and fruits,Mandarins,830,KG,actual,Retail,PHP,61.25,1.22
2021-07-15,Region IV-A,Laguna,Laguna,4280,14.29,121.41,"meat, fish and eggs",Fish (slipmouth),862,KG,actual,Retail,PHP,350.0,6.98
2021-07-15,Region IV-A,Laguna,Laguna,4280,14.29,121.41,cereals and tubers,Rice (well milled),872,KG,actual,Retail,PHP,44.98,0.9
2021-07-15,Region VI,Capiz,Capiz,4293,11.58,122.76,vegetables and fruits,Tomatoes,114,KG,actual,Retail,PHP,46.88,0.93
2021-07-15,Region VII,Siquijor,Siquijor,4298,9.21,123.51,vegetables and fruits,Tomatoes,114,KG,actual,Retail,PHP,86.25,1.72
2021-07-15,Region VIII,Biliran,Biliran,4299,11.56,124.39,vegetables and fruits,Cabbage (chinese),843,KG,actual,Retail,PHP,61.25,1.22
2021-07-15,Region VIII,Eastern Samar,Eastern Samar,4300,11.61,125.43,vegetables and fruits,Bitter melon,842,KG,actual,Retail,PHP,88.75,1.77
2021-07-15,Region VIII,Leyte,Leyte,4301,11.25,125.0,"meat, fish and eggs",Eggs,92,Unit,actual,Retail,PHP,7.35,0.15
2021-07-15,Region VIII,Southern Leyte,Southern Leyte,4304,10.13,124.83,vegetables and fruits,Ginger,712,KG,actual,Retail,PHP,111.25,2.22
2021-07-15,Region X,Camiguin,Camiguin,4309,9.25,124.72,"meat, fish and eggs",Eggs,92,Unit,actual,Retail,PHP,7.63,0.15
2021-07-15,Region XII,Sarangani,Sarangani,4319,6.1,125.29,pulses and nuts,Groundnuts (shelled),119,KG,actual,Retail,PHP,95.0,1.89
2021-07-15,Autonomous region in Muslim Mindanao,Basilan,Basilan,4325,6.66,122.14,vegetables and fruits,Mangoes (carabao),848,KG,actual,Retail,PHP,165.0,3.29
2021-07-15,Cordillera Administrative region,Benguet,Benguet,4353,16.45,120.59,vegetables and fruits,Coconut,684,KG,actual,Retail,PHP,38.57,0.77
2021-07-15,Cordillera Administrative region,Benguet,Benguet,4353,16.45,120.59,vegetables and fruits,Water spinach,788,KG,actual,Retail,PHP,21.88,0.44
2021-07-15,Region IV-B,Palawan,Palawan,4358,9.78,118.74,vegetables and fruits,Cabbage,181,KG,actual,Retail,PHP,128.75,2.57
2021-07-15,Region V,Albay,Albay,4359,13.15,123.75,"meat, fish and eggs",Fish (redbelly yellowtail fusilier),861,KG,actual,Retail,PHP,171.25,3.41
2021-08-15,Cordillera Administrative region,Kalinga,Kalinga,4265,17.47,121.47,vegetables and fruits,Onions (red),110,KG,actual,Retail,PHP,110.0,2.17
2021-08-15,Region I,Ilocos Norte,Ilocos Norte,4267,18.19,120.6,"meat, fish and eggs",Meat (beef),141,KG,actual,Retail,PHP,283.95,5.61
2021-08-15,Region I,La Union,La Union (Ilocos Region),4269,16.62,120.31,"meat, fish and eggs",Anchovies,711,KG,actual,Retail,PHP,100.0,1.98
2021-08-15,Region IV-B,Oriental Mindoro,Oriental Mindoro,4284,13.41,121.18,"meat, fish and eggs",Fish (slipmouth),862,KG,actual,Retail,PHP,173.75,3.43
2021-08-15,Region V,Masbate,Masbate,4289,12.36,123.63,"meat, fish and eggs",Fish (slipmouth),862,KG,actual,Retail,PHP,104.07,2.06
2021-08-15,Region VI,Antique,Antique,4292,10.76,121.94,cereals and tubers,"Rice (regular, milled)",80,KG,actual,Retail,PHP,35.85,0.71
2021-08-15,Region VII,Bohol,Bohol,4296,9.66,123.87,vegetables and fruits,Bitter melon,842,KG,actual,Retail,PHP,83.14,1.64
2021-08-15,Region VIII,Northern Samar,Northern Samar,4302,12.5,124.64,cereals and tubers,Rice (well milled),872,KG,actual,Retail,PHP,40.2,0.79
2021-08-15,Region X,Bukidnon,Bukidnon,4308,8.15,125.13,vegetables and fruits,Beans (string),406,KG,actual,Retail,PHP,46.25,0.91
2021-08-15,Region XII,North Cotabato,Cotabato,4318,7.01,125.09,"meat, fish and eggs",Fish (roundscad),841,KG,actual,Retail,PHP,176.39,3.48
2021-08-15,Region II,Cagayan,Cagayan,4355,17.63,121.73,cereals and tubers,Rice (special),874,KG,actual,Retail,PHP,45.29,0.89
2021-08-15,Region IV-A,Batangas,Batangas,4537,13.76,121.06,"meat, fish and eggs",Fish (milkfish),840,KG,actual,Retail,PHP,206.4,4.08
2021-09-15,National Capital region,Metropolitan Manila,Metro Manila,167,14.6,120.98,"meat, fish and eggs",Meat (beef),141,KG,actual,Retail,PHP,424.35,8.54
2021-09-15,Region I,Ilocos Sur,Ilocos Sur,4268,17.57,120.38,vegetables and fruits,Bananas (latundan),846,KG,actual,Retail,PHP,61.25,1.23
2021-09-15,Region III,Tarlac,Tarlac,4277,15.49,120.59,vegetables and fruits,Bananas (lakatan),845,KG,actual,Retail,PHP,60.87,1.22
2021-09-15,Region IV-A,Quezon,Quezon,4281,13.93,121.61,vegetables and fruits,Bananas (latundan),846,KG,actual,Retail,PHP,41.25,0.83
2021-09-15,Region IV-B,Occidental Mindoro,Occidental Mindoro,4283,13.23,120.59,"meat, fish and eggs",Fish (roundscad),841,KG,actual,Retail,PHP,147.71,2.97
2021-09-15,Region V,Masbate,Camarines Sur,4287,12.55,123.27,"meat, fish and eggs",Meat (pork),140,KG,actual,Retail,PHP,324.3,6.52
2021-09-15,Region V,Catanduanes,Catanduanes,4288,13.58,124.23,vegetables and fruits,Coconut,684,KG,actual,Retail,PHP,25.63,0.52
2021-09-15,Region VI,Aklan,Aklan,4291,11.71,122.37,vegetables and fruits,Bitter melon,842,KG,actual,Retail,PHP,80.12,1.61
2021-09-15,Region VI,Negros Occidental,Negros Occidental,4295,10.67,122.95,"meat, fish and eggs",Crab,860,KG,actual,Retail,PHP,321.9,6.48
2021-09-15,Region VII,Negros Oriental,Negros Oriental,4297,9.31,123.31,cereals and tubers,"Rice (regular, milled)",80,KG,actual,Retail,PHP,39.27,0.79
2021-09-15,Region IX,Zamboanga Sibugay,Zamboanga Sibugay,4307,7.78,122.58,"meat, fish and eggs",Eggs,92,Unit,actual,Retail,PHP,5.93,0.12
2021-09-15,Region X,Bukidnon,Bukidnon,4308,8.15,125.13,vegetables and fruits,Cabbage (chinese),843,KG,actual,Retail,PHP,53.12,1.07
2021-09-15,Region X,Misamis Oriental,Misamis Oriental,4312,8.48,124.65,cereals and tubers,Rice (special),874,KG,actual,Retail,PHP,52.0,1.05
2021-09-15,Region XI,Davao del Sur,Davao del Sur,4315,6.75,125.36,cereals and tubers,Rice (special),874,KG,actual,Retail,PHP,44.75,0.9
2021-09-15,Region XI,Davao Oriental,Davao Oriental,4317,6.96,126.21,vegetables and fruits,Squashes,340,KG,actual,Retail,PHP,28.25,0.57
2021-09-15,Region XIII,Agusan del Sur,Agusan del Sur,4322,8.61,125.91,cereals and tubers,"Rice (regular, milled)",80,KG,actual,Retail,PHP,37.05,0.75
2021-09-15,Autonomous region in Muslim Mindanao,Maguindanao,Maguindanao,4327,6.72,124.79,"meat, fish and eggs",Eggs (duck),786,Unit,actual,Retail,PHP,7.67,0.15
2021-09-15,Cordillera Administrative region,Benguet,Benguet,4353,16.45,120.59,"meat, fish and eggs",Shrimp (tiger),864,KG,actual,Retail,PHP,450.0,9.05
2021-09-15,Region V,Albay,Albay,4359,13.15,123.75,"meat, fish and eggs","Meat (beef, chops with bones)",123,KG,actual,Retail,PHP,343.62,6.91
2021-09-15,Region XII,South Cotabato,South Cotabato,4362,6.5,124.84,vegetables and fruits,Coconut,684,KG,actual,Retail,PHP,21.0,0.42
2021-09-15,Region IV-A,Batangas,Batangas,4537,13.76,121.06,vegetables and fruits,Eggplants,434,KG,actual,Retail,PHP,75.39,1.52
2021-10-15,Cordillera Administrative region,Mountain Province,Mountain Province,4266,17.09,120.98,pulses and nuts,Groundnuts (shelled),119,KG,actual,Retail,PHP,183.33,3.62
2021-10-15,Region II,Isabela,Isabela,4270,17.13,121.87,vegetables and fruits,"Beans (green, fresh)",458,KG,actual,Retail,PHP,65.0,1.28
2021-10-15,Region IV-A,Laguna,Laguna,4280,14.29,121.41,vegetables and fruits,Bananas (latundan),846,KG,actual,Retail,PHP,55.98,1.1
2021-10-15,Region IV-A,Quezon,Quezon,4281,13.93,121.61,vegetables and fruits,Coconut,684,KG,actual,Retail,PHP,18.75,0.37
2021-10-15,Region IV-B,Oriental Mindoro,Oriental Mindoro,4284,13.41,121.18,"meat, fish and eggs","Meat (pork, with bones)",856,KG,actual,Retail,PHP,277.5,5.47
2021-10-15,Region V,Masbate,Camarines Sur,4287,12.55,123.27,vegetables and fruits,Bottle gourd,852,KG,actual,Retail,PHP,33.13,0.65
2021-10-15,Region V,Catanduanes,Catanduanes,4288,13.58,124.23,vegetables and fruits,Cabbage,181,KG,actual,Retail,PHP,131.42,2.59
2021-10-15,Region XII,South Cotabato,South Cotabato,4362,6.5,124.84,vegetables and fruits,Tomatoes,114,KG,actual,Retail,PHP,52.5,1.04
2021-11-15,National Capital region,Metropolitan Manila,Metro Manila,167,14.6,120.98,cereals and tubers,"Rice (regular, milled)",80,KG,actual,Retail,PHP,38.16,0.76
2021-11-15,Cordillera Administrative region,Apayao,Apayao,4263,18.01,121.19,vegetables and fruits,Tomatoes,114,KG,actual,Retail,PHP,58.75,1.17
2021-11-15,Cordillera Administrative region,Ifugao,Ifugao,4264,16.8,121.12,"meat, fish and eggs",Meat (beef),141,KG,actual,Retail,PHP,330.0,6.58
2021-11-15,Region I,La Union,La Union (Ilocos Region),4269,16.62,120.31,vegetables and fruits,Garlic,105,KG,actual,Retail,PHP,200.0,3.99
2021-11-15,Region I,La Union,La Union (Ilocos Region),4269,16.62,120.31,vegetables and fruits,Cabbage,181,KG,actual,Retail,PHP,97.5,1.94
2021-11-15,Region II,Quirino,Quirino,4272,16.52,121.52,vegetables and fruits,Onions (red),110,KG,actual,Retail,PHP,141.25,2.82
2021-11-15,Region II,Quirino,Quirino,4272,16.52,121.52,vegetables and fruits,Squashes,340,KG,actual,Retail,PHP,35.63,0.71
2021-11-15,Region II,Quirino,Quirino,4272,16.52,121.52,"meat, fish and eggs","Meat (pork, with bones)",856,KG,actual,Retail,PHP,311.88,6.22
2021-11-15,Region VIII,Eastern Samar,Eastern Samar,4300,11.61,125.43,vegetables and fruits,Choko,851,KG,actual,Retail,PHP,32.16,0.64
2021-11-15,Region VIII,Northern Samar,Northern Samar,4302,12.5,124.64,"meat, fish and eggs","Meat (beef, chops with bones)",123,KG,actual,Retail,PHP,274.85,5.48
2021-11-15,Region VIII,Northern Samar,Northern Samar,4302,12.5,124.64,vegetables and fruits,Cabbage,181,KG,actual,Retail,PHP,132.5,2.64
2021-11-15,Region XI,Davao Oriental,Davao Oriental,4317,6.96,126.21,"meat, fish and eggs","Meat (beef, chops with bones)",123,KG,actual,Retail,PHP,322.5,6.43
2021-11-15,Region XII,North Cotabato,Cotabato,4318,7.01,125.09,"meat, fish and eggs",Fish (tilapia),405,KG,actual,Retail,PHP,137.88,2.75
2021-11-15,Region XII,North Cotabato,Cotabato,4318,7.01,125.09,cereals and tubers,Semolina (white),850,KG,actual,Retail,PHP,34.5,0.69
2021-11-15,Autonomous region in Muslim Mindanao,Tawi-Tawi,Tawi-Tawi,4329,5.03,119.77,cereals and tubers,Rice (well milled),872,KG,actual,Retail,PHP,51.43,1.03
2021-11-15,Region VI,Iloilo,Iloilo,4360,10.69,122.57,vegetables and fruits,Bitter melon,842,KG,actual,Retail,PHP,77.03,1.54
2021-12-15,Region I,Ilocos Norte,Ilocos Norte,4267,18.19,120.6,"meat, fish and eggs",Eggs,92,Unit,actual,Retail,PHP,6.67,0.13
2021-12-15,Region III,Bulacan,Pampanga,4276,15.02,121.09,"meat, fish and eggs",Anchovies,711,KG,actual,Retail,PHP,156.29,3.11
2021-12-15,Region III,Tarlac,Tarlac,4277,15.49,120.59,pulses and nuts,Groundnuts (shelled),119,KG,actual,Retail,PHP,77.73,1.55
2021-12-15,Region V,Camarines Norte,Camarines Norte,4286,14.12,122.96,vegetables and fruits,Eggplants,434,KG,actual,Retail,PHP,66.22,1.32
2021-12-15,Region V,Masbate,Camarines Sur,4287,12.55,123.27,vegetables and fruits,Eggplants,434,KG,actual,Retail,PHP,38.83,0.77
2021-12-15,Region V,Catanduanes,Catanduanes,4288,13.58,124.23,"meat, fish and eggs",Meat (pork),140,KG,actual,Retail,PHP,299.06,5.96
2021-12-15,Region V,Masbate,Masbate,4289,12.36,123.63,"meat, fish and eggs",Fish (milkfish),840,KG,actual,Retail,PHP,200.75,4.0
2021-12-15,Region V,Sorsogon,Sorsogon,4290,12.97,124.01,"meat, fish and eggs",Meat (pork),140,KG,actual,Retail,PHP,292.06,5.82
2021-12-15,Region VII,Siquijor,Siquijor,4298,9.21,123.51,cereals and tubers,Rice (well milled),872,KG,actual,Retail,PHP,44.9,0.89
2021-12-15,Region IX,Zamboanga Sibugay,Zamboanga Sibugay,4307,7.78,122.58,vegetables and fruits,Water spinach,788,KG,actual,Retail,PHP,26.79,0.53
2021-12-15,Region XI,Davao del Sur,Davao del Sur,4315,6.75,125.36,vegetables and fruits,Coconut,684,KG,actual,Retail,PHP,21.67,0.43
2021-12-15,Region XII,Sarangani,Sarangani,4319,6.1,125.29,vegetables and fruits,Bananas (lakatan),845,KG,actual,Retail,PHP,33.75,0.67
2021-12-15,Region XIII,Dinagat Islands,Dinagat Islands,4323,10.01,125.57,cereals and tubers,Rice (special),874,KG,actual,Retail,PHP,45.98,0.92
2021-12-15,Autonomous region in Muslim Mindanao,Lanao del Sur,Lanao del Sur,4326,8.0,124.28,cereals and tubers,Rice (special),874,KG,actual,Retail,PHP,54.66,1.09
2021-12-15,Autonomous region in Muslim Mindanao,Maguindanao,Maguindanao,4327,6.72,124.79,vegetables and fruits,Cabbage,181,KG,actual,Retail,PHP,76.0,1.51
2021-12-15,Region II,Cagayan,Cagayan,4355,17.63,121.73,vegetables and fruits,Bottle gourd,852,KG,actual,Retail,PHP,27.5,0.55
2021-12-15,Region II,Cagayan,Cagayan,4355,17.63,121.73,"meat, fish and eggs",Crab,860,KG,actual,Retail,PHP,243.08,4.84
2021-12-15,Region IV-A,Batangas,Batangas,4537,13.76,121.06,vegetables and fruits,Mandarins,830,KG,actual,Retail,PHP,42.0,0.84
2022-01-15,Cordillera Administrative region,Kalinga,Kalinga,4265,17.47,121.47,vegetables and fruits,Cabbage,181,KG,actual,Retail,PHP,42.5,0.83
2022-01-15,Region I,Ilocos Sur,Ilocos Sur,4268,17.57,120.38,pulses and nuts,Groundnuts (shelled),119,KG,actual,Retail,PHP,95.63,1.86
2022-01-15,Region II,Nueva Vizcaya,Nueva Vizcaya,4271,16.49,121.15,vegetables and fruits,Garlic,105,KG,actual,Retail,PHP,163.75,3.19
2022-01-15,Region II,Nueva Vizcaya,Nueva Vizcaya,4271,16.49,121.15,vegetables and fruits,Calamansi,847,KG,actual,Retail,PHP,66.25,1.29
2022-01-15,Region IV-B,Occidental Mindoro,Occidental Mindoro,4283,13.23,120.59,"meat, fish and eggs",Anchovies,711,KG,actual,Retail,PHP,102.5,2.0
2022-01-15,Region IV-B,Romblon,Romblon,4285,12.58,122.27,vegetables and fruits,Coconut,684,KG,actual,Retail,PHP,19.38,0.38
2022-01-15,Region VI,Capiz,Capiz,4293,11.58,122.76,"meat, fish and eggs",Crab,860,KG,actual,Retail,PHP,333.33,6.5
2022-01-15,Region VI,Negros Occidental,Negros Occidental,4295,10.67,122.95,"meat, fish and eggs",Fish (roundscad),841,KG,actual,Retail,PHP,211.25,4.12
2022-01-15,Region VIII,Northern Samar,Northern Samar,4302,12.5,124.64,vegetables and fruits,Ginger,712,KG,actual,Retail,PHP,135.0,2.63
2022-01-15,Region X,Camiguin,Camiguin,4309,9.25,124.72,vegetables and fruits,Cabbage,181,KG,actual,Retail,PHP,103.25,2.01
2022-01-15,Region X,Misamis Occidental,Misamis Occidental,4311,8.48,123.81,vegetables and fruits,Cabbage,181,KG,actual,Retail,PHP,95.0,1.85
2022-01-15,Region XI,Davao del Sur,Davao del Sur,4315,6.75,125.36,vegetables and fruits,Carrots,166,KG,actual,Retail,PHP,75.63,1.47
2022-01-15,Region V,Albay,Albay,4359,13.15,123.75,"meat, fish and eggs",Fish (roundscad),841,KG,actual,Retail,PHP,218.75,4.27
2022-01-15,Region XIII,Surigao del Sur,Surigao del Sur,4363,9.06,126.2,"meat, fish and eggs",Shrimp (endeavor),863,KG,actual,Retail,PHP,557.14,10.86
2022-02-15,Region III,Bulacan,Pampanga,4276,15.02,121.09,"meat, fish and eggs",Eggs,92,Unit,actual,Retail,PHP,5.58,0.11
2022-02-15,Region IV-B,Romblon,Romblon,4285,12.58,122.27,vegetables and fruits,Ginger,712,KG,actual,Retail,PHP,127.5,2.49
2022-02-15,Region VII,Siquijor,Siquijor,4298,9.21,123.51,"meat, fish and eggs","Meat (pork, with bones)",856,KG,actual,Retail,PHP,208.75,4.07
2022-02-15,Region VIII,Southern Leyte,Southern Leyte,4304,10.13,124.83,vegetables and fruits,Cabbage (chinese),843,KG,actual,Retail,PHP,113.13,2.21
2022-02-15,Region IX,Zamboanga Sibugay,Zamboanga Sibugay,4307,7.78,122.58,vegetables and fruits,Calamansi,847,KG,actual,Retail,PHP,50.0,0.97
2022-02-15,Region XI,Compostela Valley,Davao de Oro,4313,7.6,125.97,vegetables and fruits,Cabbage (chinese),843,KG,actual,Retail,PHP,92.25,1.8
2022-02-15,Region XIII,Agusan del Sur,Agusan del Sur,4322,8.61,125.91,cereals and tubers,Taro,598,KG,actual,Retail,PHP,43.75,0.85
2022-02-15,Region VI,Iloilo,Iloilo,4360,10.69,122.57,cereals and tubers,"Rice (regular, milled)",80,KG,actual,Retail,PHP,35.19,0.69
2022-02-15,Region VI,Iloilo,Iloilo,4360,10.69,122.57,vegetables and fruits,Squashes,340,KG,actual,Retail,PHP,40.13,0.78
2022-03-15,Region XI,Davao del Sur,Davao City,180,7.18,125.44,"meat, fish and eggs",Fish (tilapia),405,KG,actual,Retail,PHP,213.4,4.08
2022-03-15,Cordillera Administrative region,Ifugao,Ifugao,4264,16.8,121.12,"meat, fish and eggs",Meat (pork),140,KG,actual,Retail,PHP,350.0,6.69
2022-03-15,Region II,Quirino,Quirino,4272,16.52,121.52,"meat, fish and eggs",Fish (tilapia),405,KG,actual,Retail,PHP,122.5,2.34
2022-03-15,Region V,Masbate,Camarines Sur,4287,12.55,123.27,vegetables and fruits,Coconut,684,KG,actual,Retail,PHP,25.0,0.48
2022-03-15,Region VII,Siquijor,Siquijor,4298,9.21,123.51,"meat, fish and eggs",Meat (beef),141,KG,actual,Retail,PHP,292.5,5.59
2022-03-15,Region VII,Siquijor,Siquijor,4298,9.21,123.51,"meat, fish and eggs",Fish (roundscad),841,KG,actual,Retail,PHP,195.0,3.73
2022-03-15,Region VIII,Leyte,Leyte,4301,11.25,125.0,"meat, fish and eggs",Meat (pork),140,KG,actual,Retail,PHP,342.86,6.55
2022-03-15,Region VIII,Leyte,Leyte,4301,11.25,125.0,vegetables and fruits,Cabbage,181,KG,actual,Retail,PHP,84.38,1.61
2022-03-15,Region IX,Zamboanga del Norte,Zamboanga del Norte,4305,8.59,123.34,vegetables and fruits,Eggplants,434,KG,actual,Retail,PHP,75.0,1.43
2022-03-15,Region XI,Davao Oriental,Davao Oriental,4317,6.96,126.21,vegetables and fruits,Eggplants,434,KG,actual,Retail,PHP,51.88,0.99
2022-03-15,Region XI,Davao Oriental,Davao Oriental,4317,6.96,126.21,vegetables and fruits,Bananas (saba),854,KG,actual,Retail,PHP,22.25,0.43
2022-03-15,Autonomous region in Muslim Mindanao,Maguindanao,Maguindanao,4327,6.72,124.79,vegetables and fruits,Bananas (latundan),846,KG,actual,Retail,PHP,28.75,0.55
2022-03-15,Autonomous region in Muslim Mindanao,Maguindanao,Maguindanao,4327,6.72,124.79,cereals and tubers,Rice (well milled),872,KG,actual,Retail,PHP,52.23,1.0
2022-03-15,Region IV-A,Batangas,Batangas,4537,13.76,121.06,vegetables and fruits,Coconut,684,KG,actual,Retail,PHP,30.0,0.57
2022-04-15,Region IX,Zamboanga del Sur,Zamboanga City,178,6.91,122.07,"meat, fish and eggs",Meat (beef),141,KG,actual,Retail,PHP,397.5,7.62
2022-04-15,Region IX,Zamboanga del Sur,Zamboanga City,178,6.91,122.07,vegetables and fruits,Carrots,166,KG,actual,Retail,PHP,88.08,1.69
2022-04-15,Cordillera Administrative region,Kalinga,Kalinga,4265,17.47,121.47,"meat, fish and eggs","Meat (chicken, whole)",125,KG,actual,Retail,PHP,200.0,3.84
2022-04-15,Region I,Ilocos Norte,Ilocos Norte,4267,18.19,120.6,vegetables and fruits,Tomatoes,114,KG,actual,Retail,PHP,80.0,1.53
2022-04-15,Region III,Bataan,Bataan,4274,14.67,120.53,cereals and tubers,Rice (well milled),872,KG,actual,Retail,PHP,43.04,0.83
2022-04-15,Region IV-A,Cavite,Cavite,4279,14.42,120.94,"meat, fish and eggs",Shrimp (endeavor),863,KG,actual,Retail,PHP,471.25,9.04
2022-04-15,Region V,Camarines Norte,Camarines Norte,4286,14.12,122.96,vegetables and fruits,Onions (red),110,KG,actual,Retail,PHP,115.5,2.21
2022-04-15,Region VI,Negros Occidental,Negros Occidental,4295,10.67,122.95,"meat, fish and eggs",Meat (pork),140,KG,actual,Retail,PHP,276.25,5.3
2022-04-15,Region VII,Bohol,Bohol,4296,9.66,123.87,"meat, fish and eggs","Meat (pork, with bones)",856,KG,actual,Retail,PHP,202.5,3.88
2022-04-15,Region VIII,Biliran,Biliran,4299,11.56,124.39,cereals and tubers,Rice (well milled),872,KG,actual,Retail,PHP,43.81,0.84
2022-04-15,Region VIII,Samar,Samar,4303,11.77,124.88,cereals and tubers,"Rice (regular, milled)",80,KG,actual,Retail,PHP,38.97,0.75
2022-04-15,Region IX,Zamboanga Sibugay,Zamboanga Sibugay,4307,7.78,122.58,vegetables and fruits,Cabbage,181,KG,actual,Retail,PHP,66.67,1.28
2022-04-15,Region X,Camiguin,Camiguin,4309,9.25,124.72,vegetables and fruits,Squashes,340,KG,actual,Retail,PHP,40.25,0.77
2022-04-15,Region I,Pangasinan,Pangasinan,4354,16.02,120.23,vegetables and fruits,Onions (red),110,KG,actual,Retail,PHP,60.0,1.15
2022-04-15,Region I,Pangasinan,Pangasinan,4354,16.02,120.23,vegetables and fruits,Eggplants,434,KG,actual,Retail,PHP,49.75,0.95
2022-05-15,Cordillera Administrative region,Abra,Abra,4262,17.6,120.62,"meat, fish and eggs",Fish (roundscad),841,KG,actual,Retail,PHP,192.5,3.67
2022-05-15,Region II,Isabela,Isabela,4270,17.13,121.87,cereals and tubers,"Rice (regular, milled)",80,KG,actual,Retail,PHP,35.53,0.68
2022-05-15,Region II,Isabela,Isabela,4270,17.13,121.87,"meat, fish and eggs",Crab,860,KG,actual,Retail,PHP,481.67,9.19
2022-05-15,Region II,Nueva Vizcaya,Nueva Vizcaya,4271,16.49,121.15,cereals and tubers,Potatoes (Irish),148,KG,actual,Retail,PHP,47.5,0.91
2022-05-15,Region III,Bulacan,Bulacan,4275,14.84,120.81,vegetables and fruits,Eggplants,434,KG,actual,Retail,PHP,64.38,1.23
2022-05-15,Region IV-B,Romblon,Romblon,4285,12.58,122.27,vegetables and fruits,Cabbage,181,KG,actual,Retail,PHP,117.5,2.24
2022-05-15,Region VIII,Biliran,Biliran,4299,11.56,124.39,cereals and tubers,Potatoes (Irish),148,KG,actual,Retail,PHP,112.5,2.15
2022-05-15,Region VIII,Eastern Samar,Eastern Samar,4300,11.61,125.43,"meat, fish and eggs","Meat (chicken, whole)",125,KG,actual,Retail,PHP,178.13,3.4
2022-05-15,Region VIII,Samar,Samar,4303,11.77,124.88,vegetables and fruits,Onions (red),110,KG,actual,Retail,PHP,105.0,2.0
2022-05-15,Region XI,Davao del Norte,Davao del Norte,4314,7.45,125.8,vegetables and fruits,Cabbage (chinese),843,KG,actual,Retail,PHP,65.63,1.25
2022-05-15,Region XI,Davao del Sur,Davao del Sur,4315,6.75,125.36,"meat, fish and eggs",Eggs,92,Unit,actual,Retail,PHP,7.58,0.14
2022-05-15,Region XI,Davao del Sur,Davao del Sur,4315,6.75,125.36,vegetables and fruits,Bottle gourd,852,KG,actual,Retail,PHP,28.38,0.54
2022-05-15,Region XII,North Cotabato,Cotabato,4318,7.01,125.09,"meat, fish and eggs","Meat (beef, chops with bones)",123,KG,actual,Retail,PHP,238.33,4.55
2022-05-15,Region XII,North Cotabato,Cotabato,4318,7.01,125.09,cereals and tubers,Potatoes (Irish),148,KG,actual,Retail,PHP,91.25,1.74
2022-05-15,Region XII,North Cotabato,Cotabato,4318,7.01,125.09,"meat, fish and eggs",Fish (roundscad),841,KG,actual,Retail,PHP,213.75,4.08
2022-05-15,Cordillera Administrative region,Benguet,Benguet,4353,16.45,120.59,vegetables and fruits,Bottle gourd,852,KG,actual,Retail,PHP,38.75,0.74
2022-05-15,Region I,Pangasinan,Pangasinan,4354,16.02,120.23,"meat, fish and eggs",Eggs,92,Unit,actual,Retail,PHP,6.44,0.12
2022-05-15,Region I,Pangasinan,Pangasinan,4354,16.02,120.23,"meat, fish and eggs",Meat (beef),141,KG,actual,Retail,PHP,398.0,7.6
2022-05-15,Region III,Nueva Ecija,Nueva Ecija,4356,15.55,121.09,vegetables and fruits,Tomatoes,114,KG,actual,Retail,PHP,76.25,1.46
2022-05-15,Region V,Albay,Albay,4359,13.15,123.75,"meat, fish and eggs","Meat (pork, with bones)",856,KG,actual,Retail,PHP,317.25,6.05
2022-05-15,Region V,Albay,Albay,4359,13.15,123.75,"meat, fish and eggs",Shrimp (tiger),864,KG,actual,Retail,PHP,678.5,12.95
2022-06-15,Region III,Bataan,Bataan,4274,14.67,120.53,"meat, fish and eggs",Fish (roundscad),841,KG,actual,Retail,PHP,240.88,4.51
2022-06-15,Region III,Bulacan,Pampanga,4276,15.02,121.09,"meat, fish and eggs","Meat (pork, with bones)",856,KG,actual,Retail,PHP,360.63,6.76
2022-06-15,Region III,Zambales,Zambales,4278,15.34,119.97,vegetables and fruits,Bananas (lakatan),845,KG,actual,Retail,PHP,74.38,1.39
2022-06-15,Region IV-A,Quezon,Quezon,4281,13.93,121.61,"meat, fish and eggs",Crab,860,KG,actual,Retail,PHP,412.5,7.73
2022-06-15,Region V,Masbate,Camarines Sur,4287,12.55,123.27,"meat, fish and eggs",Anchovies,711,KG,actual,Retail,PHP,159.75,2.99
2022-06-15,Region VII,Bohol,Bohol,4296,9.66,123.87,cereals and tubers,Potatoes (Irish),148,KG,actual,Retail,PHP,101.25,1.9
2022-06-15,Region VIII,Northern Samar,Northern Samar,4302,12.5,124.64,"meat, fish and eggs","Meat (beef, chops with bones)",123,KG,actual,Retail,PHP,285.0,5.34
2022-06-15,Region X,Misamis Oriental,Misamis Oriental,4312,8.48,124.65,cereals and tubers,"Rice (regular, milled)",80,KG,actual,Retail,PHP,42.0,0.79
2022-06-15,Region XII,North Cotabato,Cotabato,4318,7.01,125.09,"meat, fish and eggs",Anchovies,711,KG,actual,Retail,PHP,186.67,3.5
2022-06-15,Region XII,Sultan Kudarat,Sultan Kudarat,4320,6.63,124.6,vegetables and fruits,Eggplants,434,KG,actual,Retail,PHP,57.5,1.08
2022-06-15,Region XIII,Agusan del Norte,Agusan del Norte,4321,9.12,125.55,"meat, fish and eggs","Meat (pork, with bones)",856,KG,actual,Retail,PHP,249.96,4.68
2022-06-15,Region XIII,Agusan del Sur,Agusan del Sur,4322,8.61,125.91,vegetables and fruits,Cabbage (chinese),843,KG,actual,Retail,PHP,83.75,1.57
2022-06-15,Region II,Cagayan,Cagayan,4355,17.63,121.73,"meat, fish and eggs","Meat (chicken, whole)",125,KG,actual,Retail,PHP,184.38,3.45
2022-06-15,Region III,Nueva Ecija,Nueva Ecija,4356,15.55,121.09,vegetables and fruits,Bananas (saba),854,KG,actual,Retail,PHP,30.0,0.56
2022-06-15,Region VII,Cebu,Cebu,4361,10.29,123.9,vegetables and fruits,Carrots,166,KG,actual,Retail,PHP,98.75,1.85
2022-07-15,Cordillera Administrative region,Mountain Province,Mountain Province,4266,17.09,120.98,"meat, fish and eggs","Meat (chicken, whole)",125,KG,actual,Retail,PHP,200.63,3.57
2022-07-15,Region V,Masbate,Camarines Sur,4287,12.55,123.27,cereals and tubers,Rice (special),874,KG,actual,Retail,PHP,56.66,1.01
2022-07-15,Region V,Catanduanes,Catanduanes,4288,13.58,124.23,vegetables and fruits,Coconut,684,KG,actual,Retail,PHP,25.83,0.46
2022-07-15,Region VI,Guimaras,Guimaras,4294,10.67,122.59,"meat, fish and eggs","Meat (pork, with bones)",856,KG,actual,Retail,PHP,273.33,4.86
2022-07-15,Region VIII,Northern Samar,Northern Samar,4302,12.5,124.64,"meat, fish and eggs",Fish (roundscad),841,KG,actual,Retail,PHP,193.75,3.44
2022-07-15,Region VIII,Northern Samar,Northern Samar,4302,12.5,124.64,vegetables and fruits,Bitter melon,842,KG,actual,Retail,PHP,111.25,1.98
2022-07-15,Region VIII,Northern Samar,Northern Samar,4302,12.5,124.64,"meat, fish and eggs",Shrimp (tiger),864,KG,actual,Retail,PHP,387.5,6.89
2022-07-15,Region XI,Davao del Sur,Davao del Sur,4315,6.75,125.36,"meat, fish and eggs","Meat (chicken, whole)",125,KG,actual,Retail,PHP,196.25,3.49
2022-07-15,Region XI,Davao Oriental,Davao Oriental,4317,6.96,126.21,vegetables and fruits,Bananas (saba),854,KG,actual,Retail,PHP,24.0,0.43
2022-07-15,Region XII,North Cotabato,Cotabato,4318,7.01,125.09,vegetables and fruits,Onions (red),110,KG,actual,Retail,PHP,125.0,2.22
2022-07-15,Region XII,Sarangani,Sarangani,4319,6.1,125.29,vegetables and fruits,Coconut,684,KG,actual,Retail,PHP,22.5,0.4
2022-07-15,Autonomous region in Muslim Mindanao,Basilan,Basilan,4325,6.66,122.14,vegetables and fruits,Ginger,712,KG,actual,Retail,PHP,121.43,2.16
2022-07-15,Autonomous region in Muslim Mindanao,Tawi-Tawi,Tawi-Tawi,4329,5.03,119.77,cereals and tubers,Rice (special),874,KG,actual,Retail,PHP,50.14,0.89
2022-07-15,Region III,Nueva Ecija,Nueva Ecija,4356,15.55,121.09,"meat, fish and eggs",Fish (milkfish),840,KG,actual,Retail,PHP,200.0,3.55
2022-08-15,Cordillera Administrative region,Kalinga,Kalinga,4265,17.47,121.47,cereals and tubers,Rice (special),874,KG,actual,Retail,PHP,50.38,0.9
2022-08-15,Region III,Bulacan,Bulacan,4275,14.84,120.81,cereals and tubers,"Rice (regular, milled)",80,KG,actual,Retail,PHP,38.93,0.7
2022-08-15,Region III,Bulacan,Bulacan,4275,14.84,120.81,vegetables and fruits,Garlic,105,KG,actual,Retail,PHP,148.75,2.66
2022-08-15,Region III,Bulacan,Bulacan,4275,14.84,120.81,vegetables and fruits,Bananas (lakatan),845,KG,actual,Retail,PHP,69.5,1.24
2022-08-15,Region IV-A,Laguna,Laguna,4280,14.29,121.41,pulses and nuts,Groundnuts (shelled),119,KG,actual,Retail,PHP,114.0,2.04
2022-08-15,Region VI,Guimaras,Guimaras,4294,10.67,122.59,cereals and tubers,Semolina (yellow),849,KG,actual,Retail,PHP,33.67,0.6
2022-08-15,Region VII,Negros Oriental,Negros Oriental,4297,9.31,123.31,pulses and nuts,Beans (mung),393,KG,actual,Retail,PHP,87.5,1.56
2022-08-15,Region IX,Zamboanga del Norte,Zamboanga del Norte,4305,8.59,123.34,pulses and nuts,Groundnuts (shelled),119,KG,actual,Retail,PHP,96.25,1.72
2022-08-15,Region X,Misamis Oriental,Misamis Oriental,4312,8.48,124.65,"meat, fish and eggs",Meat (beef),141,KG,actual,Retail,PHP,386.88,6.92
2022-08-15,Region X,Misamis Oriental,Misamis Oriental,4312,8.48,124.65,"meat, fish and eggs",Fish (milkfish),840,KG,actual,Retail,PHP,205.0,3.66
2022-08-15,Region XII,North Cotabato,Cotabato,4318,7.01,125.09,"meat, fish and eggs","Meat (beef, chops with bones)",123,KG,actual,Retail,PHP,266.5,4.76
2022-08-15,Region XII,Sultan Kudarat,Sultan Kudarat,4320,6.63,124.6,"meat, fish and eggs",Fish (slipmouth),862,KG,actual,Retail,PHP,350.0,6.26
2022-08-15,Region XIII,Dinagat Islands,Dinagat Islands,4323,10.01,125.57,cereals and tubers,Rice (special),874,KG,actual,Retail,PHP,49.88,0.89
2022-08-15,Region III,Nueva Ecija,Nueva Ecija,4356,15.55,121.09,vegetables and fruits,Carrots,166,KG,actual,Retail,PHP,73.13,1.31
2022-08-15,Region XII,South Cotabato,South Cotabato,4362,6.5,124.84,vegetables and fruits,Cabbage,181,KG,actual,Retail,PHP,73.5,1.31
2022-08-15,Region XIII,Surigao del Sur,Surigao del Sur,4363,9.06,126.2,"meat, fish and eggs",Shrimp (tiger),864,KG,actual,Retail,PHP,546.67,9.77
2022-08-15,Region IV-A,Batangas,Batangas,4537,13.76,121.06,vegetables and fruits,Tomatoes,114,KG,actual,Retail,PHP,68.75,1.23
2022-09-15,Cordillera Administrative region,Kalinga,Kalinga,4265,17.47,121.47,vegetables and fruits,Carrots,166,KG,actual,Retail,PHP,90.0,1.57
2022-09-15,Region II,Nueva Vizcaya,Nueva Vizcaya,4271,16.49,121.15,vegetables and fruits,Sweet Potato leaves,853,KG,actual,Retail,PHP,18.13,0.32
2022-09-15,Region VI,Negros Occidental,Negros Occidental,4295,10.67,122.95,cereals and tubers,Semolina (yellow),849,KG,actual,Retail,PHP,39.5,0.69
2022-09-15,Region VII,Siquijor,Siquijor,4298,9.21,123.51,vegetables and fruits,Mangoes (carabao),848,KG,actual,Retail,PHP,166.25,2.9
2022-09-15,Region VIII,Biliran,Biliran,4299,11.56,124.39,cereals and tubers,Potatoes (Irish),148,KG,actual,Retail,PHP,98.75,1.72
2022-09-15,Region VIII,Samar,Samar,4303,11.77,124.88,vegetables and fruits,Onions (red),110,KG,actual,Retail,PHP,148.75,2.59
2022-09-15,Region X,Misamis Occidental,Misamis Occidental,4311,8.48,123.81,vegetables and fruits,Bananas (lakatan),845,KG,actual,Retail,PHP,40.5,0.71
2022-09-15,Region XI,Davao del Norte,Davao del Norte,4314,7.45,125.8,"meat, fish and eggs",Meat (beef),141,KG,actual,Retail,PHP,388.75,6.78
2022-09-15,Autonomous region in Muslim Mindanao,Tawi-Tawi,Tawi-Tawi,4329,5.03,119.77,"meat, fish and eggs",Meat (beef),141,KG,actual,Retail,PHP,291.06,5.08
2022-09-15,Region VI,Iloilo,Iloilo,4360,10.69,122.57,vegetables and fruits,Bananas (saba),854,KG,actual,Retail,PHP,38.25,0.67
2022-09-15,Region XII,South Cotabato,South Cotabato,4362,6.5,124.84,vegetables and fruits,Tomatoes,114,KG,actual,Retail,PHP,39.5,0.69
2022-09-15,Region IV-A,Batangas,Batangas,4537,13.76,121.06,vegetables and fruits,Bananas (lakatan),845,KG,actual,Retail,PHP,80.63,1.41
2022-10-15,Cordillera Administrative region,Apayao,Apayao,4263,18.01,121.19,"meat, fish and eggs","Meat (pork, with bones)",856,KG,actual,Retail,PHP,295.0,5.0
2022-10-15,Region III,Aurora,Aurora,4273,15.75,121.56,cereals and tubers,Rice (well milled),872,KG,actual,Retail,PHP,42.13,0.71
2022-10-15,Region III,Zambales,Zambales,4278,15.34,119.97,"meat, fish and eggs",Fish (roundscad),841,KG,actual,Retail,PHP,198.33,3.36
2022-10-15,Region V,Camarines Norte,Camarines Norte,4286,14.12,122.96,cereals and tubers,"Rice (regular, milled)",80,KG,actual,Retail,PHP,38.99,0.66
2022-10-15,Region V,Masbate,Masbate,4289,12.36,123.63,pulses and nuts,Groundnuts (shelled),119,KG,actual,Retail,PHP,103.33,1.75
2022-10-15,Region VI,Aklan,Aklan,4291,11.71,122.37,"meat, fish and eggs",Eggs,92,Unit,actual,Retail,PHP,7.56,0.13
2022-10-15,Region VI,Capiz,Capiz,4293,11.58,122.76,"meat, fish and eggs",Fish (threadfin bream),859,KG,actual,Retail,PHP,283.75,4.81
2022-10-15,Region VII,Siquijor,Siquijor,4298,9.21,123.51,"meat, fish and eggs","Meat (beef, chops with bones)",123,KG,actual,Retail,PHP,291.88,4.95
2022-10-15,Region XI,Davao del Norte,Davao del Norte,4314,7.45,125.8,vegetables and fruits,Bananas (lakatan),845,KG,actual,Retail,PHP,40.0,0.68
2022-10-15,Region XII,Sultan Kudarat,Sultan Kudarat,4320,6.63,124.6,vegetables and fruits,Bananas (latundan),846,KG,actual,Retail,PHP,36.67,0.62
2022-10-15,Autonomous region in Muslim Mindanao,Basilan,Basilan,4325,6.66,122.14,vegetables and fruits,Calamansi,847,KG,actual,Retail,PHP,53.48,0.91
2022-10-15,Cordillera Administrative region,Benguet,Benguet,4353,16.45,120.59,"meat, fish and eggs",Meat (beef),141,KG,actual,Retail,PHP,391.25,6.63
2022-10-15,Region III,Nueva Ecija,Nueva Ecija,4356,15.55,121.09,cereals and tubers,Rice (well milled),872,KG,actual,Retail,PHP,38.79,0.66
2022-10-15,Region V,Albay,Albay,4359,13.15,123.75,"meat, fish and eggs",Meat (pork),140,KG,actual,Retail,PHP,298.75,5.07
2022-10-15,Region V,Albay,Albay,4359,13.15,123.75,vegetables and fruits,Cabbage,181,KG,actual,Retail,PHP,90.75,1.54
2022-10-15,Region XII,South Cotabato,South Cotabato,4362,6.5,124.84,cereals and tubers,Rice (well milled),872,KG,actual,Retail,PHP,37.21,0.63
2022-10-15,Region XIII,Surigao del Sur,Surigao del Sur,4363,9.06,126.2,"meat, fish and eggs",Shrimp (tiger),864,KG,actual,Retail,PHP,550.0,9.33
2022-11-15,Region XI,Davao del Sur,Davao City,180,7.18,125.44,vegetables and fruits,Ginger,712,KG,actual,Retail,PHP,107.8,1.88
2022-11-15,Cordillera Administrative region,Kalinga,Kalinga,4265,17.47,121.47,"meat, fish and eggs",Meat (pork),140,KG,actual,Retail,PHP,315.0,5.5
2022-11-15,Region I,Ilocos Norte,Ilocos Norte,4267,18.19,120.6,vegetables and fruits,Tomatoes,114,KG,actual,Retail,PHP,110.0,1.92
2022-11-15,Region II,Nueva Vizcaya,Nueva Vizcaya,4271,16.49,121.15,cereals and tubers,Rice (well milled),872,KG,actual,Retail,PHP,38.38,0.67
2022-11-15,Region II,Quirino,Quirino,4272,16.52,121.52,vegetables and fruits,Mandarins,830,KG,actual,Retail,PHP,38.13,0.67
2022-11-15,Region III,Aurora,Aurora,4273,15.75,121.56,"meat, fish and eggs","Meat (chicken, whole)",125,KG,actual,Retail,PHP,190.0,3.32
2022-11-15,Region III,Bulacan,Bulacan,4275,14.84,120.81,"meat, fish and eggs",Crab,860,KG,actual,Retail,PHP,383.75,6.7
2022-11-15,Region IV-A,Laguna,Laguna,4280,14.29,121.41,vegetables and fruits,Tomatoes,114,KG,actual,Retail,PHP,115.5,2.02
2022-11-15,Region IV-B,Occidental Mindoro,Occidental Mindoro,4283,13.23,120.59,vegetables and fruits,Bananas (latundan),846,KG,actual,Retail,PHP,43.75,0.76
2022-11-15,Region V,Camarines Norte,Camarines Norte,4286,14.12,122.96,vegetables and fruits,Squashes,340,KG,actual,Retail,PHP,47.13,0.82
2022-11-15,Region V,Masbate,Masbate,4289,12.36,123.63,"meat, fish and eggs","Meat (beef, chops with bones)",123,KG,actual,Retail,PHP,343.75,6.0
2022-11-15,Region VII,Siquijor,Siquijor,4298,9.21,123.51,cereals and tubers,Potatoes (Irish),148,KG,actual,Retail,PHP,115.0,2.01
2022-11-15,Region VIII,Leyte,Leyte,4301,11.25,125.0,vegetables and fruits,Squashes,340,KG,actual,Retail,PHP,44.5,0.78
2022-11-15,Region VIII,Northern Samar,Northern Samar,4302,12.5,124.64,"meat, fish and eggs",Fish (slipmouth),862,KG,actual,Retail,PHP,216.25,3.78
2022-11-15,Region IX,Zamboanga Sibugay,Zamboanga Sibugay,4307,7.78,122.58,"meat, fish and eggs","Meat (beef, chops with bones)",123,KG,actual,Retail,PHP,278.33,4.86
2022-11-15,Region IV-A,Rizal,Rizal,4357,14.59,121.17,"meat, fish and eggs","Meat (pork, with bones)",856,KG,actual,Retail,PHP,287.5,5.02
2022-11-15,Region VI,Iloilo,Iloilo,4360,10.69,122.57,"meat, fish and eggs","Meat (beef, chops with bones)",123,KG,actual,Retail,PHP,321.75,5.62
2022-11-15,Region XIII,Surigao del Sur,Surigao del Sur,4363,9.06,126.2,"meat, fish and eggs",Anchovies,711,KG,actual,Retail,PHP,166.67,2.91
2022-12-15,Cordillera Administrative region,Apayao,Apayao,4263,18.01,121.19,"meat, fish and eggs",Fish (roundscad),841,KG,actual,Retail,PHP,206.25,3.69
2022-12-15,Region I,Ilocos Sur,Ilocos Sur,4268,17.57,120.38,pulses and nuts,Groundnuts (shelled),119,KG,actual,Retail,PHP,90.31,1.62
2022-12-15,Region III,Bulacan,Pampanga,4276,15.02,121.09,"meat, fish and eggs",Fish (roundscad),841,KG,actual,Retail,PHP,215.75,3.87
2022-12-15,Region IV-A,Laguna,Laguna,4280,14.29,121.41,"meat, fish and eggs",Eggs,92,Unit,actual,Retail,PHP,7.81,0.14
2022-12-15,Region IV-B,Marinduque,Marinduque,4282,13.45,121.84,"meat, fish and eggs",Fish (roundscad),841,KG,actual,Retail,PHP,215.0,3.85
2022-12-15,Region V,Sorsogon,Sorsogon,4290,12.97,124.01,cereals and tubers,"Rice (regular, milled)",80,KG,actual,Retail,PHP,39.42,0.71
2022-12-15,Region V,Sorsogon,Sorsogon,4290,12.97,124.01,"meat, fish and eggs",Fish (tilapia),405,KG,actual,Retail,PHP,140.0,2.51
2022-12-15,Region VI,Negros Occidental,Negros Occidental,4295,10.67,122.95,vegetables and fruits,Beans (string),406,KG,actual,Retail,PHP,102.5,1.84
2022-12-15,Region VI,Negros Occidental,Negros Occidental,4295,10.67,122.95,vegetables and fruits,Mangoes (carabao),848,KG,actual,Retail,PHP,181.25,3.25
2022-12-15,Region VII,Bohol,Bohol,4296,9.66,123.87,"meat, fish and eggs","Meat (pork, with bones)",856,KG,actual,Retail,PHP,201.25,3.61
2022-12-15,Region VII,Negros Oriental,Negros Oriental,4297,9.31,123.31,vegetables and fruits,Bitter melon,842,KG,actual,Retail,PHP,87.5,1.57
2022-12-15,Region VIII,Eastern Samar,Eastern Samar,4300,11.61,125.43,vegetables and fruits,Ginger,712,KG,actual,Retail,PHP,111.0,1.99
2022-12-15,Region VIII,Southern Leyte,Southern Leyte,4304,10.13,124.83,vegetables and fruits,Carrots,166,KG,actual,Retail,PHP,110.0,1.97
2022-12-15,Region IX,Zamboanga del Sur,Zamboanga del Sur,4306,7.82,123.44,vegetables and fruits,Water spinach,788,KG,actual,Retail,PHP,41.67,0.75
2022-12-15,Region X,Bukidnon,Bukidnon,4308,8.15,125.13,cereals and tubers,"Rice (regular, milled)",80,KG,actual,Retail,PHP,39.5,0.71
2022-12-15,Region XI,Davao del Norte,Davao del Norte,4314,7.45,125.8,vegetables and fruits,Eggplants,434,KG,actual,Retail,PHP,54.38,0.97
2022-12-15,Region XIII,Agusan del Norte,Agusan del Norte,4321,9.12,125.55,vegetables and fruits,Carrots,166,KG,actual,Retail,PHP,103.75,1.86
2022-12-15,Region XIII,Agusan del Norte,Agusan del Norte,4321,9.12,125.55,vegetables and fruits,Cabbage (chinese),843,KG,actual,Retail,PHP,100.0,1.79
2022-12-15,Region XIII,Dinagat Islands,Dinagat Islands,4323,10.01,125.57,vegetables and fruits,Calamansi,847,KG,actual,Retail,PHP,115.0,2.06
2022-12-15,Region XIII,Surigao del Norte,Surigao del Norte,4324,9.79,125.5,pulses and nuts,Groundnuts (unshelled),118,KG,actual,Retail,PHP,127.5,2.28
2023-01-15,Region I,Ilocos Norte,Ilocos Norte,4267,18.19,120.6,cereals and tubers,Rice (special),874,KG,actual,Retail,PHP,54.0,0.99
2023-01-15,Region II,Isabela,Isabela,4270,17.13,121.87,"meat, fish and eggs",Crab,860,KG,actual,Retail,PHP,523.33,9.58
2023-01-15,Region II,Nueva Vizcaya,Nueva Vizcaya,4271,16.49,121.15,vegetables and fruits,Choko,851,KG,actual,Retail,PHP,32.5,0.59
2023-01-15,Region II,Quirino,Quirino,4272,16.52,121.52,cereals and tubers,Maize (yellow),136,KG,actual,Retail,PHP,19.75,0.36
2023-01-15,Region II,Quirino,Quirino,4272,16.52,121.52,vegetables and fruits,Choko,851,KG,actual,Retail,PHP,43.75,0.8
2023-01-15,Region III,Bulacan,Bulacan,4275,14.84,120.81,"meat, fish and eggs",Meat (beef),141,KG,actual,Retail,PHP,424.37,7.77
2023-01-15,Region V,Masbate,Masbate,4289,12.36,123.63,vegetables and fruits,Beans (string),406,KG,actual,Retail,PHP,65.0,1.19
2023-01-15,Region V,Masbate,Masbate,4289,12.36,123.63,vegetables and fruits,Mangoes (carabao),848,KG,actual,Retail,PHP,168.75,3.09
2023-01-15,Region V,Masbate,Masbate,4289,12.36,123.63,"meat, fish and eggs",Shrimp (endeavor),863,KG,actual,Retail,PHP,330.0,6.04
2023-01-15,Region V,Sorsogon,Sorsogon,4290,12.97,124.01,"meat, fish and eggs","Meat (pork, with bones)",856,KG,actual,Retail,PHP,203.0,3.72
2023-01-15,Region XI,Davao del Norte,Davao del Norte,4314,7.45,125.8,vegetables and fruits,Eggplants,434,KG,actual,Retail,PHP,56.88,1.04
2023-01-15,Region XIII,Agusan del Sur,Agusan del Sur,4322,8.61,125.91,"meat, fish and eggs",Meat (beef),141,KG,actual,Retail,PHP,423.75,7.76
2023-01-15,Autonomous region in Muslim Mindanao,Sulu,Sulu,4328,6.05,121.0,vegetables and fruits,Squashes,340,KG,actual,Retail,PHP,25.49,0.47
2023-01-15,Region III,Nueva Ecija,Nueva Ecija,4356,15.55,121.09,cereals and tubers,Rice (special),874,KG,actual,Retail,PHP,46.5,0.85
2023-01-15,Region IV-B,Palawan,Palawan,4358,9.78,118.74,vegetables and fruits,Mangoes (carabao),848,KG,actual,Retail,PHP,155.0,2.84
2023-01-15,Region VII,Cebu,Cebu,4361,10.29,123.9,vegetables and fruits,Water spinach,788,KG,actual,Retail,PHP,57.5,1.05
2023-02-15,National Capital region,Metropolitan Manila,Metro Manila,167,14.6,120.98,"meat, fish and eggs","Meat (chicken, whole)",125,KG,actual,Retail,PHP,192.51,3.48
2023-02-15,Region XI,Davao del Sur,Davao City,180,7.18,125.44,"meat, fish and eggs",Fish (tilapia),405,KG,actual,Retail,PHP,206.25,3.73
2023-02-15,Cordillera Administrative region,Ifugao,Ifugao,4264,16.8,121.12,cereals and tubers,Rice (well milled),872,KG,actual,Retail,PHP,41.71,0.75
2023-02-15,Region II,Nueva Vizcaya,Nueva Vizcaya,4271,16.49,121.15,pulses and nuts,Groundnuts (unshelled),118,KG,actual,Retail,PHP,74.29,1.34
2023-02-15,Region IV-B,Occidental Mindoro,Occidental Mindoro,4283,13.23,120.59,vegetables and fruits,Cabbage,181,KG,actual,Retail,PHP,98.75,1.79
2023-02-15,Region IV-B,Occidental Mindoro,Occidental Mindoro,4283,13.23,120.59,vegetables and fruits,Bitter melon,842,KG,actual,Retail,PHP,77.5,1.4
2023-02-15,Region V,Catanduanes,Catanduanes,4288,13.58,124.23,vegetables and fruits,Cabbage,181,KG,actual,Retail,PHP,94.38,1.71
2023-02-15,Region VI,Guimaras,Guimaras,4294,10.67,122.59,vegetables and fruits,Beans (string),406,KG,actual,Retail,PHP,76.67,1.39
2023-02-15,Region VI,Guimaras,Guimaras,4294,10.67,122.59,"meat, fish and eggs",Fish (slipmouth),862,KG,actual,Retail,PHP,200.0,3.62
2023-02-15,Region VII,Bohol,Bohol,4296,9.66,123.87,vegetables and fruits,Garlic,105,KG,actual,Retail,PHP,144.29,2.61
2023-02-15,Region VIII,Eastern Samar,Eastern Samar,4300,11.61,125.43,"meat, fish and eggs","Meat (beef, chops with bones)",123,KG,actual,Retail,PHP,304.67,5.51
2023-02-15,Region IX,Zamboanga del Norte,Zamboanga del Norte,4305,8.59,123.34,pulses and nuts,Groundnuts (shelled),119,KG,actual,Retail,PHP,96.88,1.75
2023-02-15,Region XI,Davao del Sur,Davao Occidental,4316,6.41,125.61,"meat, fish and eggs","Meat (pork, with bones)",856,KG,actual,Retail,PHP,318.75,5.76
2023-02-15,Region XI,Davao Oriental,Davao Oriental,4317,6.96,126.21,"meat, fish and eggs",Anchovies,711,KG,actual,Retail,PHP,185.71,3.36
2023-02-15,Region XII,Sarangani,Sarangani,4319,6.1,125.29,"meat, fish and eggs",Eggs,92,Unit,actual,Retail,PHP,7.76,0.14
2023-02-15,Region XIII,Surigao del Norte,Surigao del Norte,4324,9.79,125.5,cereals and tubers,Potatoes (Irish),148,KG,actual,Retail,PHP,173.75,3.14
2023-02-15,Region XIII,Surigao del Norte,Surigao del Norte,4324,9.79,125.5,"meat, fish and eggs",Fish (tilapia),405,KG,actual,Retail,PHP,176.0,3.18
2023-02-15,Autonomous region in Muslim Mindanao,Lanao del Sur,Lanao del Sur,4326,8.0,124.28,"meat, fish and eggs",Anchovies,711,KG,actual,Retail,PHP,115.0,2.08
2023-02-15,Region II,Cagayan,Cagayan,4355,17.63,121.73,"meat, fish and eggs",Eggs,92,Unit,actual,Retail,PHP,8.24,0.15
2023-02-15,Region V,Albay,Albay,4359,13.15,123.75,"meat, fish and eggs",Anchovies,711,KG,actual,Retail,PHP,147.5,2.67
2023-03-15,National Capital region,Metropolitan Manila,Metro Manila,167,14.6,120.98,"meat, fish and eggs",Anchovies,711,KG,actual,Retail,PHP,210.89,3.83
2023-03-15,Region IX,Zamboanga del Sur,Zamboanga City,178,6.91,122.07,"meat, fish and eggs","Meat (chicken, whole)",125,KG,actual,Retail,PHP,198.17,3.6
2023-03-15,Region I,La Union,La Union (Ilocos Region),4269,16.62,120.31,cereals and tubers,"Rice (regular, milled)",80,KG,actual,Retail,PHP,36.5,0.66
2023-03-15,Region IV-B,Occidental Mindoro,Occidental Mindoro,4283,13.23,120.59,cereals and tubers,Potatoes (Irish),148,KG,actual,Retail,PHP,125.0,2.27
2023-03-15,Region V,Catanduanes,Catanduanes,4288,13.58,124.23,vegetables and fruits,Bananas (latundan),846,KG,actual,Retail,PHP,58.75,1.07
2023-03-15,Region VII,Bohol,Bohol,4296,9.66,123.87,cereals and tubers,"Rice (regular, milled)",80,KG,actual,Retail,PHP,42.36,0.77
2023-03-15,Region VII,Bohol,Bohol,4296,9.66,123.87,vegetables and fruits,Choko,851,KG,actual,Retail,PHP,41.88,0.76
2023-03-15,Region VIII,Southern Leyte,Southern Leyte,4304,10.13,124.83,cereals and tubers,Rice (well milled),872,KG,actual,Retail,PHP,45.94,0.83
2023-03-15,Region IX,Zamboanga del Norte,Zamboanga del Norte,4305,8.59,123.34,"meat, fish and eggs",Fish (slipmouth),862,KG,actual,Retail,PHP,160.0,2.91
2023-03-15,Region XI,Compostela Valley,Davao de Oro,4313,7.6,125.97,vegetables and fruits,Calamansi,847,KG,actual,Retail,PHP,66.63,1.21
2023-03-15,Region XI,Davao del Sur,Davao del Sur,4315,6.75,125.36,"meat, fish and eggs",Meat (beef),141,KG,actual,Retail,PHP,362.5,6.59
2023-03-15,Region XII,Sultan Kudarat,Sultan Kudarat,4320,6.63,124.6,vegetables and fruits,Bottle gourd,852,KG,actual,Retail,PHP,31.25,0.57
2023-03-15,Region XIII,Surigao del Norte,Surigao del Norte,4324,9.79,125.5,vegetables and fruits,Ginger,712,KG,actual,Retail,PHP,110.0,2.0
2023-03-15,Region VI,Iloilo,Iloilo,4360,10.69,122.57,"meat, fish and eggs",Fish (slipmouth),862,KG,actual,Retail,PHP,237.5,4.32
2023-03-15,Region XII,South Cotabato,South Cotabato,4362,6.5,124.84,cereals and tubers,Rice (well milled),872,KG,actual,Retail,PHP,39.58,0.72
2023-04-15,Region XI,Davao del Sur,Davao City,180,7.18,125.44,"meat, fish and eggs",Meat (beef),141,KG,actual,Retail,PHP,431.67,7.77
2023-04-15,Region II,Isabela,Isabela,4270,17.13,121.87,vegetables and fruits,Eggplants,434,KG,actual,Retail,PHP,65.0,1.17
2023-04-15,Region III,Bataan,Bataan,4274,14.67,120.53,"meat, fish and eggs",Meat (pork),140,KG,actual,Retail,PHP,352.5,6.35
2023-04-15,Region V,Catanduanes,Catanduanes,4288,13.58,124.23,pulses and nuts,Groundnuts (shelled),119,KG,actual,Retail,PHP,113.4,2.04
2023-04-15,Region VII,Bohol,Bohol,4296,9.66,123.87,"meat, fish and eggs",Meat (beef),141,KG,actual,Retail,PHP,436.25,7.86
2023-04-15,Region VIII,Northern Samar,Northern Samar,4302,12.5,124.64,vegetables and fruits,Tomatoes,114,KG,actual,Retail,PHP,80.0,1.44
2023-04-15,Region VIII,Southern Leyte,Southern Leyte,4304,10.13,124.83,"meat, fish and eggs",Eggs,92,Unit,actual,Retail,PHP,9.38,0.17
2023-04-15,Region X,Misamis Occidental,Misamis Occidental,4311,8.48,123.81,vegetables and fruits,Bananas (saba),854,KG,actual,Retail,PHP,26.67,0.48
2023-04-15,Region XI,Davao del Sur,Davao del Sur,4315,6.75,125.36,vegetables and fruits,Tomatoes,114,KG,actual,Retail,PHP,45.13,0.81
2023-04-15,Region XIII,Surigao del Norte,Surigao del Norte,4324,9.79,125.5,"meat, fish and eggs",Fish (tilapia),405,KG,actual,Retail,PHP,175.0,3.15
2023-04-15,Autonomous region in Muslim Mindanao,Basilan,Basilan,4325,6.66,122.14,cereals and tubers,Potatoes (Irish),148,KG,actual,Retail,PHP,162.86,2.93
2023-04-15,Region VI,Iloilo,Iloilo,4360,10.69,122.57,"meat, fish and eggs",Shrimp (tiger),864,KG,actual,Retail,PHP,427.5,7.7
2023-04-15,Region XII,South Cotabato,South Cotabato,4362,6.5,124.84,"meat, fish and eggs",Eggs,92,Unit,actual,Retail,PHP,7.58,0.14
2023-05-15,Cordillera Administrative region,Abra,Abra,4262,17.6,120.62,vegetables and fruits,Coconut,684,KG,actual,Retail,PHP,41.25,0.74
2023-05-15,Region I,Ilocos Norte,Ilocos Norte,4267,18.19,120.6,vegetables and fruits,Eggplants,434,KG,actual,Retail,PHP,63.75,1.14
2023-05-15,Region I,Ilocos Sur,Ilocos Sur,4268,17.57,120.38,vegetables and fruits,Bitter melon,842,KG,actual,Retail,PHP,76.25,1.36
2023-05-15,Region II,Isabela,Isabela,4270,17.13,121.87,vegetables and fruits,Tomatoes,114,KG,actual,Retail,PHP,25.25,0.45
2023-05-15,Region II,Isabela,Isabela,4270,17.13,121.87,vegetables and fruits,Beans (string),406,KG,actual,Retail,PHP,67.5,1.21
2023-05-15,Region IV-A,Laguna,Laguna,4280,14.29,121.41,"meat, fish and eggs","Meat (pork, with bones)",856,KG,actual,Retail,PHP,316.25,5.65
2023-05-15,Region IV-B,Occidental Mindoro,Occidental Mindoro,4283,13.23,120.59,cereals and tubers,Maize (yellow),136,KG,actual,Retail,PHP,35.38,0.63
2023-05-15,Region V,Sorsogon,Sorsogon,4290,12.97,124.01,"meat, fish and eggs","Meat (chicken, whole)",125,KG,actual,Retail,PHP,199.0,3.55
2023-05-15,Region VI,Negros Occidental,Negros Occidental,4295,10.67,122.95,"meat, fish and eggs",Crab,860,KG,actual,Retail,PHP,357.5,6.38
2023-05-15,Region VII,Bohol,Bohol,4296,9.66,123.87,vegetables and fruits,Eggplants,434,KG,actual,Retail,PHP,78.75,1.41
2023-05-15,Region VIII,Leyte,Leyte,4301,11.25,125.0,pulses and nuts,Beans (mung),393,KG,actual,Retail,PHP,108.25,1.93
2023-05-15,Region VIII,Samar,Samar,4303,11.77,124.88,vegetables and fruits,Carrots,166,KG,actual,Retail,PHP,111.25,1.99
2023-05-15,Region XII,Sultan Kudarat,Sultan Kudarat,4320,6.63,124.6,pulses and nuts,Groundnuts (shelled),119,KG,actual,Retail,PHP,100.0,1.79
2023-05-15,Autonomous region in Muslim Mindanao,Basilan,Basilan,4325,6.66,122.14,vegetables and fruits,Tomatoes,114,KG,actual,Retail,PHP,73.38,1.31
2023-05-15,Cordillera Administrative region,Benguet,Benguet,4353,16.45,120.59,vegetables and fruits,Tomatoes,114,KG,actual,Retail,PHP,45.19,0.81
2023-05-15,Region II,Cagayan,Cagayan,4355,17.63,121.73,"meat, fish and eggs",Eggs (duck),786,Unit,actual,Retail,PHP,10.44,0.19
2023-05-15,Region IV-A,Batangas,Batangas,4537,13.76,121.06,cereals and tubers,"Rice (regular, milled)",80,KG,actual,Retail,PHP,45.44,0.81
2023-06-15,Region IX,Zamboanga del Sur,Zamboanga City,178,6.91,122.07,vegetables and fruits,Pineapples,524,KG,actual,Retail,PHP,50.83,0.91
2023-06-15,Region XI,Davao del Sur,Davao City,180,7.18,125.44,cereals and tubers,Potatoes (Irish),148,KG,actual,Retail,PHP,162.83,2.92
2023-06-15,Cordillera Administrative region,Abra,Abra,4262,17.6,120.62,cereals and tubers,Rice (well milled),872,KG,actual,Retail,PHP,41.13,0.74
2023-06-15,Cordillera Administrative region,Apayao,Apayao,4263,18.01,121.19,vegetables and fruits,Calamansi,847,KG,actual,Retail,PHP,87.19,1.56
2023-06-15,Region I,Ilocos Sur,Ilocos Sur,4268,17.57,120.38,vegetables and fruits,Eggplants,434,KG,actual,Retail,PHP,56.25,1.01
2023-06-15,Region II,Nueva Vizcaya,Nueva Vizcaya,4271,16.49,121.15,vegetables and fruits,Carrots,166,KG,actual,Retail,PHP,54.38,0.98
2023-06-15,Region II,Nueva Vizcaya,Nueva Vizcaya,4271,16.49,121.15,"meat, fish and eggs",Fish (tilapia),405,KG,actual,Retail,PHP,153.75,2.76
2023-06-15,Region II,Quirino,Quirino,4272,16.52,121.52,"meat, fish and eggs","Meat (chicken, whole)",125,KG,actual,Retail,PHP,196.25,3.52
2023-06-15,Region III,Aurora,Aurora,4273,15.75,121.56,"meat, fish and eggs",Fish (tilapia),405,KG,actual,Retail,PHP,138.75,2.49
2023-06-15,Region III,Bulacan,Pampanga,4276,15.02,121.09,vegetables and fruits,Eggplants,434,KG,actual,Retail,PHP,63.75,1.14
2023-06-15,Region IV-A,Laguna,Laguna,4280,14.29,121.41,pulses and nuts,Groundnuts (unshelled),118,KG,actual,Retail,PHP,119.13,2.14
2023-06-15,Region V,Catanduanes,Catanduanes,4288,13.58,124.23,vegetables and fruits,Onions (red),110,KG,actual,Retail,PHP,218.75,3.92
2023-06-15,Region VIII,Biliran,Biliran,4299,11.56,124.39,"meat, fish and eggs","Meat (pork, with bones)",856,KG,actual,Retail,PHP,291.25,5.22
2023-06-15,Region VIII,Eastern Samar,Eastern Samar,4300,11.61,125.43,vegetables and fruits,Ginger,712,KG,actual,Retail,PHP,106.75,1.91
2023-06-15,Region VIII,Northern Samar,Northern Samar,4302,12.5,124.64,"meat, fish and eggs","Meat (beef, chops with bones)",123,KG,actual,Retail,PHP,325.0,5.83
2023-06-15,Region IX,Zamboanga del Sur,Zamboanga del Sur,4306,7.82,123.44,"meat, fish and eggs",Fish (tilapia),405,KG,actual,Retail,PHP,168.57,3.02
2023-06-15,Region X,Misamis Occidental,Misamis Occidental,4311,8.48,123.81,vegetables and fruits,Choko,851,KG,actual,Retail,PHP,36.25,0.65
2023-06-15,Region XII,Sultan Kudarat,Sultan Kudarat,4320,6.63,124.6,vegetables and fruits,Sweet Potato leaves,853,KG,actual,Retail,PHP,31.25,0.56
2023-06-15,Region XIII,Dinagat Islands,Dinagat Islands,4323,10.01,125.57,vegetables and fruits,Squashes,340,KG,actual,Retail,PHP,39.17,0.7
2023-06-15,Region XIII,Surigao del Norte,Surigao del Norte,4324,9.79,125.5,pulses and nuts,Groundnuts (unshelled),118,KG,actual,Retail,PHP,125.0,2.24
2023-06-15,Autonomous region in Muslim Mindanao,Maguindanao,Maguindanao,4327,6.72,124.79,vegetables and fruits,Tomatoes,114,KG,actual,Retail,PHP,74.86,1.34
2023-06-15,Region I,Pangasinan,Pangasinan,4354,16.02,120.23,"meat, fish and eggs",Eggs,92,Unit,actual,Retail,PHP,8.13,0.15
2023-06-15,Region I,Pangasinan,Pangasinan,4354,16.02,120.23,"meat, fish and eggs",Fish (tilapia),405,KG,actual,Retail,PHP,141.25,2.53
2023-06-15,Region V,Albay,Albay,4359,13.15,123.75,cereals and tubers,"Rice (regular, milled)",80,KG,actual,Retail,PHP,39.73,0.71
2023-07-15,National Capital region,Metropolitan Manila,Metro Manila,167,14.6,120.98,pulses and nuts,Groundnuts (shelled),119,KG,actual,Retail,PHP,116.86,2.15
2023-07-15,Region XI,Davao del Sur,Davao City,180,7.18,125.44,"meat, fish and eggs",Meat (beef),141,KG,actual,Retail,PHP,425.83,7.83
2023-07-15,Region I,La Union,La Union (Ilocos Region),4269,16.62,120.31,"meat, fish and eggs",Fish (tilapia),405,KG,actual,Retail,PHP,127.5,2.35
2023-07-15,Region II,Isabela,Isabela,4270,17.13,121.87,vegetables and fruits,Carrots,166,KG,actual,Retail,PHP,138.75,2.55
2023-07-15,Region II,Nueva Vizcaya,Nueva Vizcaya,4271,16.49,121.15,vegetables and fruits,Onions (red),110,KG,actual,Retail,PHP,172.5,3.17
2023-07-15,Region IV-A,Cavite,Cavite,4279,14.42,120.94,vegetables and fruits,Carrots,166,KG,actual,Retail,PHP,166.25,3.06
2023-07-15,Region IV-B,Occidental Mindoro,Occidental Mindoro,4283,13.23,120.59,"meat, fish and eggs",Crab,860,KG,actual,Retail,PHP,221.43,4.07
2023-07-15,Region V,Masbate,Masbate,4289,12.36,123.63,vegetables and fruits,Tomatoes,114,KG,actual,Retail,PHP,71.25,1.31
2023-07-15,Region V,Sorsogon,Sorsogon,4290,12.97,124.01,vegetables and fruits,Carrots,166,KG,actual,Retail,PHP,172.0,3.16
2023-07-15,Region VI,Aklan,Aklan,4291,11.71,122.37,"meat, fish and eggs",Meat (pork),140,KG,actual,Retail,PHP,208.75,3.84
2023-07-15,Region VI,Antique,Antique,4292,10.76,121.94,"meat, fish and eggs",Shrimp (tiger),864,KG,actual,Retail,PHP,533.33,9.81
2023-07-15,Region VIII,Biliran,Biliran,4299,11.56,124.39,vegetables and fruits,Onions (white),111,KG,actual,Retail,PHP,207.5,3.82
2023-07-15,Region VIII,Northern Samar,Northern Samar,4302,12.5,124.64,"meat, fish and eggs",Fish (roundscad),841,KG,actual,Retail,PHP,197.5,3.63
2023-07-15,Region IX,Zamboanga del Norte,Zamboanga del Norte,4305,8.59,123.34,vegetables and fruits,Bananas (lakatan),845,KG,actual,Retail,PHP,49.17,0.9
2023-07-15,Region IX,Zamboanga Sibugay,Zamboanga Sibugay,4307,7.78,122.58,vegetables and fruits,Sweet Potato leaves,853,KG,actual,Retail,PHP,37.5,0.69
2023-07-15,Region X,Bukidnon,Bukidnon,4308,8.15,125.13,"meat, fish and eggs","Meat (pork, with bones)",856,KG,actual,Retail,PHP,277.5,5.11
2023-07-15,Region XII,North Cotabato,Cotabato,4318,7.01,125.09,"meat, fish and eggs",Meat (beef),141,KG,actual,Retail,PHP,373.75,6.88
2023-07-15,Region XII,Sultan Kudarat,Sultan Kudarat,4320,6.63,124.6,"meat, fish and eggs",Fish (milkfish),840,KG,actual,Retail,PHP,203.75,3.75
2023-07-15,Cordillera Administrative region,Benguet,Benguet,4353,16.45,120.59,"meat, fish and eggs",Eggs,92,Unit,actual,Retail,PHP,8.72,0.16
2023-08-15,Region IX,Zamboanga del Sur,Zamboanga City,178,6.91,122.07,"meat, fish and eggs",Fish (roundscad),841,KG,actual,Retail,PHP,173.33,3.05
2023-08-15,Cordillera Administrative region,Mountain Province,Mountain Province,4266,17.09,120.98,vegetables and fruits,Cabbage,181,KG,actual,Retail,PHP,92.5,1.63
2023-08-15,Cordillera Administrative region,Mountain Province,Mountain Province,4266,17.09,120.98,vegetables and fruits,Coconut,684,KG,actual,Retail,PHP,45.0,0.79
2023-08-15,Region III,Bulacan,Bulacan,4275,14.84,120.81,cereals and tubers,Rice (well milled),872,KG,actual,Retail,PHP,46.52,0.82
2023-08-15,Region III,Bulacan,Pampanga,4276,15.02,121.09,cereals and tubers,"Rice (regular, milled)",80,KG,actual,Retail,PHP,44.28,0.78
2023-08-15,Region VI,Negros Occidental,Negros Occidental,4295,10.67,122.95,vegetables and fruits,Bananas (latundan),846,KG,actual,Retail,PHP,53.25,0.94
2023-08-15,Region VII,Bohol,Bohol,4296,9.66,123.87,vegetables and fruits,Calamansi,847,KG,actual,Retail,PHP,99.38,1.75
2023-08-15,Region VIII,Leyte,Leyte,4301,11.25,125.0,pulses and nuts,Beans (mung),393,KG,actual,Retail,PHP,114.38,2.02
2023-08-15,Region IX,Zamboanga del Sur,Zamboanga del Sur,4306,7.82,123.44,vegetables and fruits,Mangoes (carabao),848,KG,actual,Retail,PHP,108.75,1.92
2023-08-15,Region X,Misamis Oriental,Misamis Oriental,4312,8.48,124.65,vegetables and fruits,Choko,851,KG,actual,Retail,PHP,31.12,0.55
2023-08-15,Region XI,Davao del Norte,Davao del Norte,4314,7.45,125.8,vegetables and fruits,Cabbage (chinese),843,KG,actual,Retail,PHP,82.25,1.45
2023-08-15,Region XIII,Agusan del Norte,Agusan del Norte,4321,9.12,125.55,"meat, fish and eggs",Anchovies,711,KG,actual,Retail,PHP,200.0,3.52
2023-08-15,Region XIII,Agusan del Sur,Agusan del Sur,4322,8.61,125.91,"meat, fish and eggs",Eggs,92,Unit,actual,Retail,PHP,7.36,0.13
2023-08-15,Region XIII,Agusan del Sur,Agusan del Sur,4322,8.61,125.91,"meat, fish and eggs",Fish (milkfish),840,KG,actual,Retail,PHP,212.5,3.74
2023-08-15,Region II,Cagayan,Cagayan,4355,17.63,121.73,"meat, fish and eggs",Eggs,92,Unit,actual,Retail,PHP,8.94,0.16
2023-08-15,Region VI,Iloilo,Iloilo,4360,10.69,122.57,"meat, fish and eggs","Meat (beef, chops with bones)",123,KG,actual,Retail,PHP,341.25,6.01
2023-08-15,Region XIII,Surigao del Sur,Surigao del Sur,4363,9.06,126.2,vegetables and fruits,Tomatoes,114,KG,actual,Retail,PHP,77.5,1.37
2023-09-15,National Capital region,Metropolitan Manila,Metro Manila,167,14.6,120.98,"meat, fish and eggs",Fish (slipmouth),862,KG,actual,Retail,PHP,371.69,6.54
2023-09-15,Region IX,Zamboanga del Sur,Zamboanga City,178,6.91,122.07,"meat, fish and eggs",Shrimp (tiger),864,KG,actual,Retail,PHP,671.0,11.8
2023-09-15,Region III,Bulacan,Bulacan,4275,14.84,120.81,vegetables and fruits,Carrots,166,KG,actual,Retail,PHP,160.38,2.82
2023-09-15,Region IV-A,Quezon,Quezon,4281,13.93,121.61,"meat, fish and eggs",Shrimp (tiger),864,KG,actual,Retail,PHP,512.5,9.01
2023-09-15,Region IV-B,Oriental Mindoro,Oriental Mindoro,4284,13.41,121.18,"meat, fish and eggs",Fish (tilapia),405,KG,actual,Retail,PHP,161.25,2.84
2023-09-15,Region V,Camarines Norte,Camarines Norte,4286,14.12,122.96,"meat, fish and eggs",Shrimp (endeavor),863,KG,actual,Retail,PHP,501.67,8.82
2023-09-15,Region V,Masbate,Camarines Sur,4287,12.55,123.27,"meat, fish and eggs",Meat (pork),140,KG,actual,Retail,PHP,277.5,4.88
2023-09-15,Region V,Catanduanes,Catanduanes,4288,13.58,124.23,"meat, fish and eggs",Fish (tilapia),405,KG,actual,Retail,PHP,163.75,2.88
2023-09-15,Region VI,Antique,Antique,4292,10.76,121.94,"meat, fish and eggs",Meat (pork),140,KG,actual,Retail,PHP,311.43,5.48
2023-09-15,Region VI,Capiz,Capiz,4293,11.58,122.76,"meat, fish and eggs","Meat (chicken, whole)",125,KG,actual,Retail,PHP,191.25,3.36
2023-09-15,Region VI,Guimaras,Guimaras,4294,10.67,122.59,vegetables and fruits,Coconut,684,KG,actual,Retail,PHP,25.83,0.45
2023-09-15,Region VII,Siquijor,Siquijor,4298,9.21,123.51,cereals and tubers,"Rice (regular, milled)",80,KG,actual,Retail,PHP,52.55,0.92
2023-09-15,Region VIII,Eastern Samar,Eastern Samar,4300,11.61,125.43,vegetables and fruits,Ginger,712,KG,actual,Retail,PHP,108.25,1.9
2023-09-15,Region X,Bukidnon,Bukidnon,4308,8.15,125.13,vegetables and fruits,Ginger,712,KG,actual,Retail,PHP,98.75,1.74
2023-09-15,Region XI,Compostela Valley,Davao de Oro,4313,7.6,125.97,"meat, fish and eggs",Meat (beef),141,KG,actual,Retail,PHP,415.0,7.3
2023-09-15,Region XI,Compostela Valley,Davao de Oro,4313,7.6,125.97,vegetables and fruits,Cabbage (chinese),843,KG,actual,Retail,PHP,79.38,1.4
2023-09-15,Autonomous region in Muslim Mindanao,Maguindanao,Maguindanao,4327,6.72,124.79,pulses and nuts,Groundnuts (shelled),119,KG,actual,Retail,PHP,75.0,1.32
2023-09-15,Region VI,Iloilo,Iloilo,4360,10.69,122.57,"meat, fish and eggs","Meat (beef, chops with bones)",123,KG,actual,Retail,PHP,345.0,6.07
2023-10-15,National Capital region,Metropolitan Manila,Metro Manila,167,14.6,120.98,vegetables and fruits,Tomatoes,114,KG,actual,Retail,PHP,121.85,2.15
2023-10-15,Region XI,Davao del Sur,Davao City,180,7.18,125.44,cereals and tubers,Rice (special),874,KG,actual,Retail,PHP,58.28,1.03
2023-10-15,Cordillera Administrative region,Mountain Province,Mountain Province,4266,17.09,120.98,vegetables and fruits,Tomatoes,114,KG,actual,Retail,PHP,121.88,2.15
2023-10-15,Region IV-A,Cavite,Cavite,4279,14.42,120.94,cereals and tubers,Sweet potatoes,87,KG,actual,Retail,PHP,68.75,1.21
2023-10-15,Region V,Masbate,Camarines Sur,4287,12.55,123.27,vegetables and fruits,Beans (string),406,KG,actual,Retail,PHP,128.5,2.26
2023-10-15,Region VI,Aklan,Aklan,4291,11.71,122.37,"meat, fish and eggs","Meat (beef, chops with bones)",123,KG,actual,Retail,PHP,306.0,5.39
2023-10-15,Region VI,Guimaras,Guimaras,4294,10.67,122.59,vegetables and fruits,Bananas (latundan),846,KG,actual,Retail,PHP,58.33,1.03
2023-10-15,Region VIII,Eastern Samar,Eastern Samar,4300,11.61,125.43,"meat, fish and eggs",Anchovies,711,KG,actual,Retail,PHP,126.25,2.22
2023-10-15,Region VIII,Northern Samar,Northern Samar,4302,12.5,124.64,pulses and nuts,Groundnuts (shelled),119,KG,actual,Retail,PHP,100.0,1.76
2023-10-15,Region X,Bukidnon,Bukidnon,4308,8.15,125.13,vegetables and fruits,Tomatoes,114,KG,actual,Retail,PHP,100.0,1.76
2023-10-15,Region X,Camiguin,Camiguin,4309,9.25,124.72,pulses and nuts,Beans (mung),393,KG,actual,Retail,PHP,126.75,2.23
2023-10-15,Region XI,Davao del Norte,Davao del Norte,4314,7.45,125.8,"meat, fish and eggs","Meat (pork, with bones)",856,KG,actual,Retail,PHP,289.5,5.1
2023-10-15,Region XI,Davao del Sur,Davao del Sur,4315,6.75,125.36,cereals and tubers,Potatoes (Irish),148,KG,actual,Retail,PHP,128.75,2.27
2023-10-15,Region XI,Davao Oriental,Davao Oriental,4317,6.96,126.21,vegetables and fruits,Coconut,684,KG,actual,Retail,PHP,21.88,0.39
2023-10-15,Region XII,Sultan Kudarat,Sultan Kudarat,4320,6.63,124.6,vegetables and fruits,Cabbage (chinese),843,KG,actual,Retail,PHP,68.75,1.21
2023-10-15,Region XIII,Dinagat Islands,Dinagat Islands,4323,10.01,125.57,vegetables and fruits,Squashes,340,KG,actual,Retail,PHP,51.67,0.91
2023-10-15,Region II,Cagayan,Cagayan,4355,17.63,121.73,vegetables and fruits,Squashes,340,KG,actual,Retail,PHP,54.38,0.96
2023-10-15,Region VI,Iloilo,Iloilo,4360,10.69,122.57,"meat, fish and eggs",Eggs,92,Unit,actual,Retail,PHP,8.55,0.15
2023-10-15,Region VII,Cebu,Cebu,4361,10.29,123.9,vegetables and fruits,Choko,851,KG,actual,Retail,PHP,46.25,0.81
2023-11-15,Cordillera Administrative region,Kalinga,Kalinga,4265,17.47,121.47,vegetables and fruits,Tomatoes,114,KG,actual,Retail,PHP,82.5,1.48
2023-11-15,Region I,Ilocos Sur,Ilocos Sur,4268,17.57,120.38,cereals and tubers,"Rice (regular, milled)",80,KG,actual,Retail,PHP,41.67,0.75
2023-11-15,Region I,La Union,La Union (Ilocos Region),4269,16.62,120.31,vegetables and fruits,Ginger,712,KG,actual,Retail,PHP,92.5,1.66
2023-11-15,Region III,Bulacan,Bulacan,4275,14.84,120.81,pulses and nuts,Groundnuts (shelled),119,KG,actual,Retail,PHP,110.0,1.97
2023-11-15,Region IV-A,Laguna,Laguna,4280,14.29,121.41,cereals and tubers,"Rice (regular, milled)",80,KG,actual,Retail,PHP,44.38,0.8
2023-11-15,Region IV-B,Marinduque,Marinduque,4282,13.45,121.84,"meat, fish and eggs",Fish (roundscad),841,KG,actual,Retail,PHP,230.0,4.13
2023-11-15,Region IV-B,Occidental Mindoro,Occidental Mindoro,4283,13.23,120.59,vegetables and fruits,Onions (red),110,KG,actual,Retail,PHP,195.0,3.5
2023-11-15,Region VI,Negros Occidental,Negros Occidental,4295,10.67,122.95,vegetables and fruits,Bananas (latundan),846,KG,actual,Retail,PHP,56.25,1.01
2023-11-15,Region VIII,Northern Samar,Northern Samar,4302,12.5,124.64,vegetables and fruits,Garlic,105,KG,actual,Retail,PHP,157.5,2.83
2023-11-15,Region VIII,Southern Leyte,Southern Leyte,4304,10.13,124.83,cereals and tubers,Rice (well milled),872,KG,actual,Retail,PHP,54.21,0.97
2023-11-15,Region X,Misamis Oriental,Misamis Oriental,4312,8.48,124.65,"meat, fish and eggs",Shrimp (tiger),864,KG,actual,Retail,PHP,387.63,6.96
2023-11-15,Region XI,Compostela Valley,Davao de Oro,4313,7.6,125.97,vegetables and fruits,Cabbage,181,KG,actual,Retail,PHP,85.0,1.53
2023-11-15,Region XIII,Dinagat Islands,Dinagat Islands,4323,10.01,125.57,cereals and tubers,Potatoes (Irish),148,KG,actual,Retail,PHP,213.33,3.83
2023-11-15,Cordillera Administrative region,Benguet,Benguet,4353,16.45,120.59,vegetables and fruits,Bananas (lakatan),845,KG,actual,Retail,PHP,112.63,2.02
2023-11-15,Region V,Albay,Albay,4359,13.15,123.75,vegetables and fruits,Beans (string),406,KG,actual,Retail,PHP,77.25,1.39
2023-11-15,Region XIII,Surigao del Sur,Surigao del Sur,4363,9.06,126.2,vegetables and fruits,Mangoes (carabao),848,KG,actual,Retail,PHP,123.75,2.22
2023-12-15,Cordillera Administrative region,Kalinga,Kalinga,4265,17.47,121.47,"meat, fish and eggs",Fish (tilapia),405,KG,actual,Retail,PHP,170.0,3.05
2023-12-15,Cordillera Administrative region,Mountain Province,Mountain Province,4266,17.09,120.98,pulses and nuts,Groundnuts (shelled),119,KG,actual,Retail,PHP,233.33,4.19
2023-12-15,Region I,Ilocos Sur,Ilocos Sur,4268,17.57,120.38,"meat, fish and eggs",Eggs,92,Unit,actual,Retail,PHP,8.31,0.15
2023-12-15,Region I,Ilocos Sur,Ilocos Sur,4268,17.57,120.38,vegetables and fruits,Tomatoes,114,KG,actual,Retail,PHP,55.0,0.99
2023-12-15,Region I,La Union,La Union (Ilocos Region),4269,16.62,120.31,vegetables and fruits,Carrots,166,KG,actual,Retail,PHP,133.75,2.4
2023-12-15,Region II,Isabela,Isabela,4270,17.13,121.87,vegetables and fruits,Choko,851,KG,actual,Retail,PHP,47.5,0.85
2023-12-15,Region III,Tarlac,Tarlac,4277,15.49,120.59,"meat, fish and eggs",Eggs,92,Unit,actual,Retail,PHP,8.56,0.15
2023-12-15,Region III,Zambales,Zambales,4278,15.34,119.97,cereals and tubers,Rice (special),874,KG,actual,Retail,PHP,68.66,1.23
2023-12-15,Region IV-A,Cavite,Cavite,4279,14.42,120.94,vegetables and fruits,Bananas (lakatan),845,KG,actual,Retail,PHP,88.13,1.58
2023-12-15,Region VII,Negros Oriental,Negros Oriental,4297,9.31,123.31,"meat, fish and eggs",Meat (pork),140,KG,actual,Retail,PHP,291.25,5.23
2023-12-15,Region XII,Sarangani,Sarangani,4319,6.1,125.29,vegetables and fruits,Carrots,166,KG,actual,Retail,PHP,125.0,2.24
2023-12-15,Region XII,Sarangani,Sarangani,4319,6.1,125.29,vegetables and fruits,Bottle gourd,852,KG,actual,Retail,PHP,36.88,0.66
2023-12-15,Region III,Nueva Ecija,Nueva Ecija,4356,15.55,121.09,vegetables and fruits,Bananas (saba),854,KG,actual,Retail,PHP,36.25,0.65
2023-12-15,Region IV-A,Rizal,Rizal,4357,14.59,121.17,cereals and tubers,"Rice (regular, milled)",80,KG,actual,Retail,PHP,47.06,0.84
2023-12-15,Region XIII,Surigao del Sur,Surigao del Sur,4363,9.06,126.2,vegetables and fruits,Carrots,166,KG,actual,Retail,PHP,113.75,2.04
2024-01-15,National Capital region,Metropolitan Manila,Metro Manila,167,14.6,120.98,"meat, fish and eggs",Fish (slipmouth),862,KG,actual,Retail,PHP,389.76,6.99
2024-01-15,Cordillera Administrative region,Kalinga,Kalinga,4265,17.47,121.47,vegetables and fruits,Eggplants,434,KG,actual,Retail,PHP,50.63,0.91
2024-01-15,Region II,Isabela,Isabela,4270,17.13,121.87,"meat, fish and eggs",Fish (milkfish),840,KG,actual,Retail,PHP,215.0,3.85
2024-01-15,Region II,Quirino,Quirino,4272,16.52,121.52,"meat, fish and eggs","Meat (chicken, whole)",125,KG,actual,Retail,PHP,194.29,3.48
2024-01-15,Region IV-A,Cavite,Cavite,4279,14.42,120.94,cereals and tubers,Taro,598,KG,actual,Retail,PHP,86.88,1.56
2024-01-15,Region V,Camarines Norte,Camarines Norte,4286,14.12,122.96,"meat, fish and eggs",Anchovies,711,KG,actual,Retail,PHP,110.0,1.97
2024-01-15,Region V,Masbate,Camarines Sur,4287,12.55,123.27,cereals and tubers,Potatoes (Irish),148,KG,actual,Retail,PHP,176.25,3.16
2024-01-15,Region V,Catanduanes,Catanduanes,4288,13.58,124.23,"meat, fish and eggs",Meat (pork),140,KG,actual,Retail,PHP,253.33,4.54
2024-01-15,Region VI,Aklan,Aklan,4291,11.71,122.37,"meat, fish and eggs",Eggs (duck),786,Unit,actual,Retail,PHP,12.63,0.23
2024-01-15,Region VIII,Biliran,Biliran,4299,11.56,124.39,"meat, fish and eggs","Meat (pork, with bones)",856,KG,actual,Retail,PHP,276.25,4.95
2024-01-15,Region IX,Zamboanga Sibugay,Zamboanga Sibugay,4307,7.78,122.58,cereals and tubers,Rice (well milled),872,KG,actual,Retail,PHP,57.34,1.03
2024-01-15,Region X,Misamis Occidental,Misamis Occidental,4311,8.48,123.81,vegetables and fruits,Squashes,340,KG,actual,Retail,PHP,36.25,0.65
2024-01-15,Region X,Misamis Oriental,Misamis Oriental,4312,8.48,124.65,vegetables and fruits,"Beans (green, fresh)",458,KG,actual,Retail,PHP,88.25,1.58
2024-01-15,Region XIII,Agusan del Norte,Agusan del Norte,4321,9.12,125.55,"meat, fish and eggs","Meat (pork, with bones)",856,KG,actual,Retail,PHP,297.5,5.33
2024-01-15,Autonomous region in Muslim Mindanao,Lanao del Sur,Lanao del Sur,4326,8.0,124.28,cereals and tubers,Rice (special),874,KG,actual,Retail,PHP,61.56,1.1
2024-01-15,Region XII,South Cotabato,South Cotabato,4362,6.5,124.84,cereals and tubers,Rice (special),874,KG,actual,Retail,PHP,55.7,1.0
2024-02-15,Region I,Ilocos Norte,Ilocos Norte,4267,18.19,120.6,vegetables and fruits,Bananas (latundan),846,KG,actual,Retail,PHP,65.63,1.17
2024-02-15,Region II,Isabela,Isabela,4270,17.13,121.87,"meat, fish and eggs",Crab,860,KG,actual,Retail,PHP,500.0,8.93
2024-02-15,Region III,Aurora,Aurora,4273,15.75,121.56,vegetables and fruits,Mangoes (carabao),848,KG,actual,Retail,PHP,156.25,2.79
2024-02-15,Region III,Aurora,Aurora,4273,15.75,121.56,vegetables and fruits,Choko,851,KG,actual,Retail,PHP,63.75,1.14
2024-02-15,Region III,Bulacan,Bulacan,4275,14.84,120.81,vegetables and fruits,Ginger,712,KG,actual,Retail,PHP,127.5,2.28
2024-02-15,Region V,Camarines Norte,Camarines Norte,4286,14.12,122.96,"meat, fish and eggs",Shrimp (endeavor),863,KG,actual,Retail,PHP,433.33,7.74
2024-02-15,Region VI,Capiz,Capiz,4293,11.58,122.76,cereals and tubers,Rice (well milled),872,KG,actual,Retail,PHP,45.15,0.81
2024-02-15,Region VI,Guimaras,Guimaras,4294,10.67,122.59,"meat, fish and eggs",Fish (threadfin bream),859,KG,actual,Retail,PHP,326.67,5.83
2024-02-15,Region VI,Negros Occidental,Negros Occidental,4295,10.67,122.95,vegetables and fruits,Tomatoes,114,KG,actual,Retail,PHP,115.75,2.07
2024-02-15,Region VIII,Biliran,Biliran,4299,11.56,124.39,"meat, fish and eggs",Meat (pork),140,KG,actual,Retail,PHP,319.13,5.7
2024-02-15,Region VIII,Leyte,Leyte,4301,11.25,125.0,vegetables and fruits,Tomatoes,114,KG,actual,Retail,PHP,110.13,1.97
2024-02-15,Region VIII,Southern Leyte,Southern Leyte,4304,10.13,124.83,vegetables and fruits,Cabbage (chinese),843,KG,actual,Retail,PHP,91.5,1.63
2024-02-15,Region VIII,Southern Leyte,Southern Leyte,4304,10.13,124.83,"meat, fish and eggs",Shrimp (tiger),864,KG,actual,Retail,PHP,353.33,6.31
2024-02-15,Region IX,Zamboanga Sibugay,Zamboanga Sibugay,4307,7.78,122.58,"meat, fish and eggs",Fish (milkfish),840,KG,actual,Retail,PHP,156.67,2.8
2024-02-15,Region X,Misamis Occidental,Misamis Occidental,4311,8.48,123.81,"meat, fish and eggs",Meat (beef),141,KG,actual,Retail,PHP,391.5,6.99
2024-02-15,Region XI,Davao Oriental,Davao Oriental,4317,6.96,126.21,vegetables and fruits,Cabbage (chinese),843,KG,actual,Retail,PHP,96.25,1.72
2024-02-15,Region XIII,Agusan del Norte,Agusan del Norte,4321,9.12,125.55,vegetables and fruits,Cabbage,181,KG,actual,Retail,PHP,76.25,1.36
2024-02-15,Autonomous region in Muslim Mindanao,Sulu,Sulu,4328,6.05,121.0,vegetables and fruits,Choko,851,KG,actual,Retail,PHP,18.75,0.33
2024-02-15,Region I,Pangasinan,Pangasinan,4354,16.02,120.23,vegetables and fruits,Eggplants,434,KG,actual,Retail,PHP,73.5,1.31
2024-02-15,Region III,Nueva Ecija,Nueva Ecija,4356,15.55,121.09,"meat, fish and eggs",Meat (pork),140,KG,actual,Retail,PHP,327.5,5.85
2024-02-15,Region III,Nueva Ecija,Nueva Ecija,4356,15.55,121.09,"meat, fish and eggs",Meat (beef),141,KG,actual,Retail,PHP,407.5,7.28
2024-02-15,Region XII,South Cotabato,South Cotabato,4362,6.5,124.84,vegetables and fruits,Beans (string),406,KG,actual,Retail,PHP,64.38,1.15
2024-03-15,Region IX,Zamboanga del Sur,Zamboanga City,178,6.91,122.07,vegetables and fruits,Ginger,712,KG,actual,Retail,PHP,76.83,1.38
2024-03-15,Cordillera Administrative region,Ifugao,Ifugao,4264,16.8,121.12,cereals and tubers,Maize (yellow),136,KG,actual,Retail,PHP,26.57,0.48
2024-03-15,Region I,Ilocos Norte,Ilocos Norte,4267,18.19,120.6,vegetables and fruits,Coconut,684,KG,actual,Retail,PHP,37.5,0.68
2024-03-15,Region I,La Union,La Union (Ilocos Region),4269,16.62,120.31,"meat, fish and eggs",Eggs,92,Unit,actual,Retail,PHP,8.0,0.14
2024-03-15,Region I,La Union,La Union (Ilocos Region),4269,16.62,120.31,vegetables and fruits,Carrots,166,KG,actual,Retail,PHP,132.5,2.39
2024-03-15,Region I,La Union,La Union (Ilocos Region),4269,16.62,120.31,vegetables and fruits,Mangoes (carabao),848,KG,actual,Retail,PHP,144.38,2.6
2024-03-15,Region IV-A,Cavite,Cavite,4279,14.42,120.94,vegetables and fruits,Coconut,684,KG,actual,Retail,PHP,28.75,0.52
2024-03-15,Region IV-A,Laguna,Laguna,4280,14.29,121.41,cereals and tubers,Rice (special),874,KG,actual,Retail,PHP,59.66,1.07
2024-03-15,Region IV-B,Marinduque,Marinduque,4282,13.45,121.84,"meat, fish and eggs",Fish (roundscad),841,KG,actual,Retail,PHP,190.0,3.42
2024-03-15,Region IV-B,Romblon,Romblon,4285,12.58,122.27,"meat, fish and eggs",Meat (pork),140,KG,actual,Retail,PHP,258.75,4.66
2024-03-15,Region IV-B,Romblon,Romblon,4285,12.58,122.27,pulses and nuts,Beans (mung),393,KG,actual,Retail,PHP,99.38,1.79
2024-03-15,Region V,Masbate,Camarines Sur,4287,12.55,123.27,vegetables and fruits,Calamansi,847,KG,actual,Retail,PHP,120.38,2.17
2024-03-15,Region VI,Aklan,Aklan,4291,11.71,122.37,"meat, fish and eggs","Fish (mackerel, fresh)",744,KG,actual,Retail,PHP,206.25,3.71
2024-03-15,Region VI,Guimaras,Guimaras,4294,10.67,122.59,vegetables and fruits,Garlic,105,KG,actual,Retail,PHP,135.0,2.43
2024-03-15,Region VI,Guimaras,Guimaras,4294,10.67,122.59,vegetables and fruits,Ginger,712,KG,actual,Retail,PHP,111.67,2.01
2024-03-15,Region VII,Bohol,Bohol,4296,9.66,123.87,vegetables and fruits,Carrots,166,KG,actual,Retail,PHP,103.75,1.87
2024-03-15,Region VII,Siquijor,Siquijor,4298,9.21,123.51,vegetables and fruits,Tomatoes,114,KG,actual,Retail,PHP,112.5,2.03
2024-03-15,Region VIII,Southern Leyte,Southern Leyte,4304,10.13,124.83,"meat, fish and eggs",Fish (roundscad),841,KG,actual,Retail,PHP,221.67,3.99
2024-03-15,Region IX,Zamboanga del Sur,Zamboanga del Sur,4306,7.82,123.44,"meat, fish and eggs",Fish (milkfish),840,KG,actual,Retail,PHP,193.75,3.49
2024-03-15,Region IX,Zamboanga del Sur,Zamboanga del Sur,4306,7.82,123.44,vegetables and fruits,Cabbage (chinese),843,KG,actual,Retail,PHP,93.75,1.69
2024-03-15,Region XI,Davao del Sur,Davao del Sur,4315,6.75,125.36,"meat, fish and eggs",Fish (milkfish),840,KG,actual,Retail,PHP,190.0,3.42
2024-03-15,Region XII,Sultan Kudarat,Sultan Kudarat,4320,6.63,124.6,"meat, fish and eggs",Anchovies,711,KG,actual,Retail,PHP,136.0,2.45
2024-03-15,Region XIII,Surigao del Sur,Surigao del Sur,4363,9.06,126.2,cereals and tubers,Rice (well milled),872,KG,actual,Retail,PHP,57.11,1.03
2024-04-15,Region IX,Zamboanga del Sur,Zamboanga City,178,6.91,122.07,"meat, fish and eggs","Meat (pork, with bones)",856,KG,actual,Retail,PHP,322.0,5.65
2024-04-15,Region I,Ilocos Norte,Ilocos Norte,4267,18.19,120.6,vegetables and fruits,Onions (red),110,KG,actual,Retail,PHP,78.75,1.38
2024-04-15,Region I,Ilocos Sur,Ilocos Sur,4268,17.57,120.38,vegetables and fruits,Bitter melon,842,KG,actual,Retail,PHP,92.5,1.62
2024-04-15,Region III,Zambales,Zambales,4278,15.34,119.97,"meat, fish and eggs","Meat (beef, chops with bones)",123,KG,actual,Retail,PHP,347.5,6.1
2024-04-15,Region IV-B,Occidental Mindoro,Occidental Mindoro,4283,13.23,120.59,"meat, fish and eggs",Meat (beef),141,KG,actual,Retail,PHP,385.63,6.77
2024-04-15,Region IV-B,Occidental Mindoro,Occidental Mindoro,4283,13.23,120.59,vegetables and fruits,Calamansi,847,KG,actual,Retail,PHP,85.63,1.5
2024-04-15,Region IV-B,Oriental Mindoro,Oriental Mindoro,4284,13.41,121.18,"meat, fish and eggs",Fish (threadfin bream),859,KG,actual,Retail,PHP,327.5,5.75
2024-04-15,Region V,Camarines Norte,Camarines Norte,4286,14.12,122.96,"meat, fish and eggs",Shrimp (tiger),864,KG,actual,Retail,PHP,666.67,11.7
2024-04-15,Region IX,Zamboanga Sibugay,Zamboanga Sibugay,4307,7.78,122.58,"meat, fish and eggs",Eggs,92,Unit,actual,Retail,PHP,8.25,0.14
2024-04-15,Region X,Misamis Occidental,Misamis Occidental,4311,8.48,123.81,cereals and tubers,Rice (special),874,KG,actual,Retail,PHP,58.65,1.03
2024-04-15,Region XI,Davao del Sur,Davao del Sur,4315,6.75,125.36,vegetables and fruits,Bananas (lakatan),845,KG,actual,Retail,PHP,70.63,1.24
2024-04-15,Region XII,Sarangani,Sarangani,4319,6.1,125.29,"meat, fish and eggs","Meat (pork, with bones)",856,KG,actual,Retail,PHP,325.0,5.7
2024-04-15,Region XIII,Dinagat Islands,Dinagat Islands,4323,10.01,125.57,"meat, fish and eggs",Eggs,92,Unit,actual,Retail,PHP,9.13,0.16
2024-04-15,Region I,Pangasinan,Pangasinan,4354,16.02,120.23,vegetables and fruits,Choko,851,KG,actual,Retail,PHP,46.88,0.82
2024-05-15,Cordillera Administrative region,Ifugao,Ifugao,4264,16.8,121.12,"meat, fish and eggs",Fish (tilapia),405,KG,actual,Retail,PHP,166.43,2.89
2024-05-15,Region I,Ilocos Norte,Ilocos Norte,4267,18.19,120.6,"meat, fish and eggs","Meat (beef, chops with bones)",123,KG,actual,Retail,PHP,322.5,5.61
2024-05-15,Region I,Ilocos Sur,Ilocos Sur,4268,17.57,120.38,cereals and tubers,Rice (special),874,KG,actual,Retail,PHP,58.47,1.02
2024-05-15,Region III,Aurora,Aurora,4273,15.75,121.56,"meat, fish and eggs",Meat (beef),141,KG,actual,Retail,PHP,381.25,6.63
2024-05-15,Region IV-A,Cavite,Cavite,4279,14.42,120.94,vegetables and fruits,"Beans (green, fresh)",458,KG,actual,Retail,PHP,149.38,2.6
2024-05-15,Region IV-B,Oriental Mindoro,Oriental Mindoro,4284,13.41,121.18,cereals and tubers,Rice (well milled),872,KG,actual,Retail,PHP,50.31,0.87
2024-05-15,Region V,Camarines Norte,Camarines Norte,4286,14.12,122.96,cereals and tubers,Rice (well milled),872,KG,actual,Retail,PHP,56.48,0.98
2024-05-15,Region V,Catanduanes,Catanduanes,4288,13.58,124.23,"meat, fish and eggs","Meat (beef, chops with bones)",123,KG,actual,Retail,PHP,321.67,5.59
2024-05-15,Region V,Catanduanes,Catanduanes,4288,13.58,124.23,"meat, fish and eggs","Meat (pork, with bones)",856,KG,actual,Retail,PHP,276.25,4.8
2024-05-15,Region VI,Antique,Antique,4292,10.76,121.94,"meat, fish and eggs",Eggs (duck),786,Unit,actual,Retail,PHP,12.13,0.21
2024-05-15,Region VI,Guimaras,Guimaras,4294,10.67,122.59,"meat, fish and eggs","Meat (beef, chops with bones)",123,KG,actual,Retail,PHP,311.67,5.42
2024-05-15,Region VI,Negros Occidental,Negros Occidental,4295,10.67,122.95,vegetables and fruits,Bananas (latundan),846,KG,actual,Retail,PHP,64.75,1.13
2024-05-15,Region VII,Bohol,Bohol,4296,9.66,123.87,vegetables and fruits,Ginger,712,KG,actual,Retail,PHP,183.75,3.2
2024-05-15,Region VIII,Northern Samar,Northern Samar,4302,12.5,124.64,cereals and tubers,Potatoes (Irish),148,KG,actual,Retail,PHP,168.75,2.93
2024-05-15,Region VIII,Southern Leyte,Southern Leyte,4304,10.13,124.83,cereals and tubers,"Rice (regular, milled)",80,KG,actual,Retail,PHP,54.27,0.94
2024-05-15,Region IX,Zamboanga del Norte,Zamboanga del Norte,4305,8.59,123.34,pulses and nuts,Groundnuts (shelled),119,KG,actual,Retail,PHP,91.25,1.59
2024-05-15,Region IX,Zamboanga del Sur,Zamboanga del Sur,4306,7.82,123.44,vegetables and fruits,Coconut,684,KG,actual,Retail,PHP,26.38,0.46
2024-05-15,Region X,Bukidnon,Bukidnon,4308,8.15,125.13,vegetables and fruits,Squashes,340,KG,actual,Retail,PHP,37.75,0.66
2024-05-15,Region XI,Davao del Sur,Davao del Sur,4315,6.75,125.36,vegetables and fruits,Garlic,105,KG,actual,Retail,PHP,157.5,2.74
2024-05-15,Region XII,North Cotabato,Cotabato,4318,7.01,125.09,"meat, fish and eggs",Eggs,92,Unit,actual,Retail,PHP,8.52,0.15
2024-05-15,Region XII,North Cotabato,Cotabato,4318,7.01,125.09,vegetables and fruits,Onions (red),110,KG,actual,Retail,PHP,165.0,2.87
2024-05-15,Region XIII,Agusan del Norte,Agusan del Norte,4321,9.12,125.55,cereals and tubers,"Rice (regular, milled)",80,KG,actual,Retail,PHP,48.57,0.84
2024-05-15,Region XIII,Agusan del Norte,Agusan del Norte,4321,9.12,125.55,vegetables and fruits,Eggplants,434,KG,actual,Retail,PHP,83.75,1.46
2024-05-15,Region XIII,Dinagat Islands,Dinagat Islands,4323,10.01,125.57,vegetables and fruits,"Beans (green, fresh)",458,KG,actual,Retail,PHP,113.33,1.97
2024-05-15,Autonomous region in Muslim Mindanao,Basilan,Basilan,4325,6.66,122.14,vegetables and fruits,Mangoes (carabao),848,KG,actual,Retail,PHP,161.43,2.81
2024-05-15,Autonomous region in Muslim Mindanao,Sulu,Sulu,4328,6.05,121.0,"meat, fish and eggs","Meat (beef, chops with bones)",123,KG,actual,Retail,PHP,316.88,5.51
2024-05-15,Region I,Pangasinan,Pangasinan,4354,16.02,120.23,"meat, fish and eggs",Meat (beef),141,KG,actual,Retail,PHP,440.25,7.66
2024-05-15,Region I,Pangasinan,Pangasinan,4354,16.02,120.23,vegetables and fruits,Squashes,340,KG,actual,Retail,PHP,41.0,0.71
2024-05-15,Region I,Pangasinan,Pangasinan,4354,16.02,120.23,vegetables and fruits,Bananas (lakatan),845,KG,actual,Retail,PHP,92.5,1.61
2024-05-15,Region IV-B,Palawan,Palawan,4358,9.78,118.74,vegetables and fruits,Carrots,166,KG,actual,Retail,PHP,142.5,2.48
2024-05-15,Region VII,Cebu,Cebu,4361,10.29,123.9,"meat, fish and eggs",Meat (beef),141,KG,actual,Retail,PHP,387.5,6.74
2024-06-15,Cordillera Administrative region,Mountain Province,Mountain Province,4266,17.09,120.98,vegetables and fruits,Bitter melon,842,KG,actual,Retail,PHP,118.75,2.02
2024-06-15,Region I,Ilocos Sur,Ilocos Sur,4268,17.57,120.38,"meat, fish and eggs",Eggs,92,Unit,actual,Retail,PHP,7.88,0.13
2024-06-15,Region III,Aurora,Aurora,4273,15.75,121.56,"meat, fish and eggs",Fish (threadfin bream),859,KG,actual,Retail,PHP,261.25,4.45
2024-06-15,Region III,Bataan,Bataan,4274,14.67,120.53,vegetables and fruits,Bitter melon,842,KG,actual,Retail,PHP,128.75,2.19
2024-06-15,Region III,Bulacan,Bulacan,4275,14.84,120.81,"meat, fish and eggs",Fish (roundscad),841,KG,actual,Retail,PHP,236.25,4.03
2024-06-15,Region III,Tarlac,Tarlac,4277,15.49,120.59,vegetables and fruits,Bananas (lakatan),845,KG,actual,Retail,PHP,106.25,1.81
2024-06-15,Region III,Tarlac,Tarlac,4277,15.49,120.59,vegetables and fruits,Calamansi,847,KG,actual,Retail,PHP,121.25,2.07
2024-06-15,Region IV-A,Laguna,Laguna,4280,14.29,121.41,"meat, fish and eggs",Anchovies,711,KG,actual,Retail,PHP,184.0,3.14
2024-06-15,Region IV-B,Occidental Mindoro,Occidental Mindoro,4283,13.23,120.59,vegetables and fruits,Bananas (latundan),846,KG,actual,Retail,PHP,49.38,0.84
2024-06-15,Region V,Masbate,Camarines Sur,4287,12.55,123.27,vegetables and fruits,Tomatoes,114,KG,actual,Retail,PHP,68.0,1.16
2024-06-15,Region VII,Bohol,Bohol,4296,9.66,123.87,vegetables and fruits,Tomatoes,114,KG,actual,Retail,PHP,72.5,1.24
2024-06-15,Region VIII,Samar,Samar,4303,11.77,124.88,pulses and nuts,Beans (mung),393,KG,actual,Retail,PHP,96.25,1.64
2024-06-15,Region X,Lanao del Norte,Lanao del Norte,4310,8.04,123.8,vegetables and fruits,Choko,851,KG,actual,Retail,PHP,29.5,0.5
2024-06-15,Region X,Misamis Occidental,Misamis Occidental,4311,8.48,123.81,vegetables and fruits,Coconut,684,KG,actual,Retail,PHP,21.25,0.36
2024-06-15,Region X,Misamis Oriental,Misamis Oriental,4312,8.48,124.65,cereals and tubers,Rice (well milled),872,KG,actual,Retail,PHP,57.82,0.99
2024-06-15,Region XII,North Cotabato,Cotabato,4318,7.01,125.09,"meat, fish and eggs",Fish (milkfish),840,KG,actual,Retail,PHP,202.5,3.45
2024-06-15,Region XIII,Dinagat Islands,Dinagat Islands,4323,10.01,125.57,vegetables and fruits,Bananas (latundan),846,KG,actual,Retail,PHP,37.5,0.64
2024-06-15,Cordillera Administrative region,Benguet,Benguet,4353,16.45,120.59,pulses and nuts,Groundnuts (shelled),119,KG,actual,Retail,PHP,100.0,1.7
2024-07-15,National Capital region,Metropolitan Manila,Metro Manila,167,14.6,120.98,vegetables and fruits,Onions (red),110,KG,actual,Retail,PHP,107.72,1.84
2024-07-15,National Capital region,Metropolitan Manila,Metro Manila,167,14.6,120.98,vegetables and fruits,Mangoes (carabao),848,KG,actual,Retail,PHP,151.57,2.59
2024-07-15,Region IX,Zamboanga del Sur,Zamboanga City,178,6.91,122.07,"meat, fish and eggs",Meat (pork),140,KG,actual,Retail,PHP,351.25,6.01
2024-07-15,Region VI,Aklan,Aklan,4291,11.71,122.37,vegetables and fruits,Garlic,105,KG,actual,Retail,PHP,149.38,2.56
2024-07-15,Region VI,Aklan,Aklan,4291,11.71,122.37,"meat, fish and eggs",Eggs (duck),786,Unit,actual,Retail,PHP,12.75,0.22
2024-07-15,Region VI,Antique,Antique,4292,10.76,121.94,"meat, fish and eggs","Meat (chicken, whole)",125,KG,actual,Retail,PHP,213.75,3.66
2024-07-15,Region VI,Capiz,Capiz,4293,11.58,122.76,cereals and tubers,"Rice (regular, milled)",80,KG,actual,Retail,PHP,48.61,0.83
2024-07-15,Region VI,Capiz,Capiz,4293,11.58,122.76,"meat, fish and eggs",Fish (redbelly yellowtail fusilier),861,KG,actual,Retail,PHP,236.67,4.05
2024-07-15,Region VIII,Biliran,Biliran,4299,11.56,124.39,vegetables and fruits,Tomatoes,114,KG,actual,Retail,PHP,95.0,1.63
2024-07-15,Region VIII,Eastern Samar,Eastern Samar,4300,11.61,125.43,"meat, fish and eggs","Meat (pork, with bones)",856,KG,actual,Retail,PHP,251.25,4.3
2024-07-15,Region X,Lanao del Norte,Lanao del Norte,4310,8.04,123.8,vegetables and fruits,Choko,851,KG,actual,Retail,PHP,31.13,0.53
2024-07-15,Region XI,Compostela Valley,Davao de Oro,4313,7.6,125.97,"meat, fish and eggs","Meat (beef, chops with bones)",123,KG,actual,Retail,PHP,355.0,6.07
2024-07-15,Region XI,Davao del Sur,Davao del Sur,4315,6.75,125.36,vegetables and fruits,Mangoes (carabao),848,KG,actual,Retail,PHP,107.75,1.84
2024-07-15,Region XII,North Cotabato,Cotabato,4318,7.01,125.09,vegetables and fruits,Squashes,340,KG,actual,Retail,PHP,40.0,0.68
2024-07-15,Region XII,Sarangani,Sarangani,4319,6.1,125.29,vegetables and fruits,Carrots,166,KG,actual,Retail,PHP,155.0,2.65
2024-07-15,Region XII,Sarangani,Sarangani,4319,6.1,125.29,vegetables and fruits,Bitter melon,842,KG,actual,Retail,PHP,80.0,1.37
2024-08-15,Region IX,Zamboanga del Sur,Zamboanga City,178,6.91,122.07,"meat, fish and eggs",Shrimp (tiger),864,KG,actual,Retail,PHP,686.8,12.0
2024-08-15,Region XI,Davao del Sur,Davao City,180,7.18,125.44,cereals and tubers,Rice (special),874,KG,actual,Retail,PHP,61.86,1.08
2024-08-15,Region III,Bulacan,Bulacan,4275,14.84,120.81,pulses and nuts,Beans (mung),393,KG,actual,Retail,PHP,123.75,2.16
2024-08-15,Region III,Bulacan,Pampanga,4276,15.02,121.09,cereals and tubers,"Rice (regular, milled)",80,KG,actual,Retail,PHP,49.2,0.86
2024-08-15,Region IV-B,Marinduque,Marinduque,4282,13.45,121.84,vegetables and fruits,Pineapples,524,KG,actual,Retail,PHP,60.0,1.05
2024-08-15,Region IV-B,Occidental Mindoro,Occidental Mindoro,4283,13.23,120.59,vegetables and fruits,Ginger,712,KG,actual,Retail,PHP,74.38,1.3
2024-08-15,Region IV-B,Oriental Mindoro,Oriental Mindoro,4284,13.41,121.18,"meat, fish and eggs","Meat (chicken, whole)",125,KG,actual,Retail,PHP,223.75,3.91
2024-08-15,Region V,Masbate,Masbate,4289,12.36,123.63,vegetables and fruits,Calamansi,847,KG,actual,Retail,PHP,112.5,1.97
2024-08-15,Region V,Masbate,Masbate,4289,12.36,123.63,cereals and tubers,Semolina (white),850,KG,actual,Retail,PHP,51.38,0.9
2024-08-15,Region VI,Aklan,Aklan,4291,11.71,122.37,vegetables and fruits,Carrots,166,KG,actual,Retail,PHP,158.13,2.76
2024-08-15,Region VI,Antique,Antique,4292,10.76,121.94,vegetables and fruits,Coconut,684,KG,actual,Retail,PHP,15.5,0.27
2024-08-15,Region VIII,Biliran,Biliran,4299,11.56,124.39,vegetables and fruits,Squashes,340,KG,actual,Retail,PHP,42.5,0.74
2024-08-15,Region X,Misamis Occidental,Misamis Occidental,4311,8.48,123.81,"meat, fish and eggs","Meat (pork, with bones)",856,KG,actual,Retail,PHP,261.25,4.56
2024-08-15,Region X,Misamis Oriental,Misamis Oriental,4312,8.48,124.65,vegetables and fruits,Garlic,105,KG,actual,Retail,PHP,169.29,2.96
2024-08-15,Region IV-A,Rizal,Rizal,4357,14.59,121.17,"meat, fish and eggs",Fish (milkfish),840,KG,actual,Retail,PHP,209.88,3.67
2024-09-15,National Capital region,Metropolitan Manila,Metro Manila,167,14.6,120.98,"meat, fish and eggs",Fish (tilapia),405,KG,actual,Retail,PHP,147.87,2.65
2024-09-15,Region IX,Zamboanga del Sur,Zamboanga City,178,6.91,122.07,vegetables and fruits,Sweet Potato leaves,853,KG,actual,Retail,PHP,61.25,1.1
2024-09-15,Region IV-B,Oriental Mindoro,Oriental Mindoro,4284,13.41,121.18,pulses and nuts,Groundnuts (shelled),119,KG,actual,Retail,PHP,143.33,2.57
2024-09-15,Region V,Catanduanes,Catanduanes,4288,13.58,124.23,cereals and tubers,"Rice (regular, milled)",80,KG,actual,Retail,PHP,51.16,0.92
2024-09-15,Region VI,Negros Occidental,Negros Occidental,4295,10.67,122.95,"meat, fish and eggs",Eggs (duck),786,Unit,actual,Retail,PHP,10.31,0.18
2024-09-15,Region IX,Zamboanga Sibugay,Zamboanga Sibugay,4307,7.78,122.58,"meat, fish and eggs","Meat (beef, chops with bones)",123,KG,actual,Retail,PHP,290.0,5.19
2024-09-15,Region IX,Zamboanga Sibugay,Zamboanga Sibugay,4307,7.78,122.58,"meat, fish and eggs","Meat (chicken, whole)",125,KG,actual,Retail,PHP,195.0,3.49
2024-09-15,Region XI,Compostela Valley,Davao de Oro,4313,7.6,125.97,vegetables and fruits,Tomatoes,114,KG,actual,Retail,PHP,77.5,1.39
2024-09-15,Region XI,Davao del Norte,Davao del Norte,4314,7.45,125.8,vegetables and fruits,Bananas (lakatan),845,KG,actual,Retail,PHP,79.25,1.42
2024-09-15,Region XI,Davao del Sur,Davao Occidental,4316,6.41,125.61,vegetables and fruits,Eggplants,434,KG,actual,Retail,PHP,58.13,1.04
2024-09-15,Region XIII,Agusan del Sur,Agusan del Sur,4322,8.61,125.91,vegetables and fruits,Choko,851,KG,actual,Retail,PHP,31.88,0.57
2024-09-15,Region XIII,Surigao del Norte,Surigao del Norte,4324,9.79,125.5,"meat, fish and eggs","Meat (beef, chops with bones)",123,KG,actual,Retail,PHP,391.25,7.0
2024-09-15,Region VII,Cebu,Cebu,4361,10.29,123.9,vegetables and fruits,Water spinach,788,KG,actual,Retail,PHP,72.5,1.3
2024-09-15,Region XII,South Cotabato,South Cotabato,4362,6.5,124.84,"meat, fish and eggs",Crab,860,KG,actual,Retail,PHP,385.71,6.91
2024-10-15,Region IX,Zamboanga del Sur,Zamboanga City,178,6.91,122.07,vegetables and fruits,Calamansi,847,KG,actual,Retail,PHP,60.42,1.05
2024-10-15,Cordillera Administrative region,Abra,Abra,4262,17.6,120.62,"meat, fish and eggs",Fish (roundscad),841,KG,actual,Retail,PHP,213.75,3.7
2024-10-15,Cordillera Administrative region,Kalinga,Kalinga,4265,17.47,121.47,"meat, fish and eggs","Meat (beef, chops with bones)",123,KG,actual,Retail,PHP,338.75,5.86
2024-10-15,Cordillera Administrative region,Mountain Province,Mountain Province,4266,17.09,120.98,"meat, fish and eggs","Meat (beef, chops with bones)",123,KG,actual,Retail,PHP,360.0,6.23
2024-10-15,Region III,Bulacan,Bulacan,4275,14.84,120.81,"meat, fish and eggs",Fish (tilapia),405,KG,actual,Retail,PHP,157.5,2.73
2024-10-15,Region V,Masbate,Masbate,4289,12.36,123.63,"meat, fish and eggs",Fish (threadfin bream),859,KG,actual,Retail,PHP,218.75,3.79
2024-10-15,Region VI,Antique,Antique,4292,10.76,121.94,"meat, fish and eggs",Shrimp (tiger),864,KG,actual,Retail,PHP,491.67,8.51
2024-10-15,Region VIII,Leyte,Leyte,4301,11.25,125.0,vegetables and fruits,Cabbage (chinese),843,KG,actual,Retail,PHP,106.25,1.84
2024-10-15,Region VIII,Northern Samar,Northern Samar,4302,12.5,124.64,vegetables and fruits,Bitter melon,842,KG,actual,Retail,PHP,110.0,1.9
2024-10-15,Region IX,Zamboanga del Norte,Zamboanga del Norte,4305,8.59,123.34,pulses and nuts,Groundnuts (shelled),119,KG,actual,Retail,PHP,91.25,1.58
2024-10-15,Region IX,Zamboanga del Norte,Zamboanga del Norte,4305,8.59,123.34,cereals and tubers,Rice (special),874,KG,actual,Retail,PHP,59.04,1.02
2024-10-15,Region X,Camiguin,Camiguin,4309,9.25,124.72,vegetables and fruits,Carrots,166,KG,actual,Retail,PHP,120.0,2.08
2024-10-15,Region XI,Davao del Norte,Davao del Norte,4314,7.45,125.8,cereals and tubers,Rice (well milled),872,KG,actual,Retail,PHP,56.21,0.97
2024-10-15,Region XIII,Agusan del Sur,Agusan del Sur,4322,8.61,125.91,cereals and tubers,"Rice (regular, milled)",80,KG,actual,Retail,PHP,51.0,0.88
2024-10-15,Autonomous region in Muslim Mindanao,Maguindanao,Maguindanao,4327,6.72,124.79,"meat, fish and eggs",Eggs (duck),786,Unit,actual,Retail,PHP,10.21,0.18
2024-10-15,Cordillera Administrative region,Benguet,Benguet,4353,16.45,120.59,vegetables and fruits,Garlic,105,KG,actual,Retail,PHP,182.25,3.15
2024-10-15,Region IV-B,Palawan,Palawan,4358,9.78,118.74,"meat, fish and eggs",Eggs,92,Unit,actual,Retail,PHP,9.96,0.17
2024-10-15,Region VI,Iloilo,Iloilo,4360,10.69,122.57,vegetables and fruits,"Beans (green, fresh)",458,KG,actual,Retail,PHP,175.5,3.04
2024-11-15,Region XI,Davao del Sur,Davao City,180,7.18,125.44,cereals and tubers,Maize (yellow),136,KG,actual,Retail,PHP,35.7,0.61
2024-11-15,Region I,Ilocos Sur,Ilocos Sur,4268,17.57,120.38,"meat, fish and eggs",Eggs,92,Unit,actual,Retail,PHP,8.25,0.14
2024-11-15,Region II,Quirino,Quirino,4272,16.52,121.52,vegetables and fruits,Choko,851,KG,actual,Retail,PHP,56.25,0.96
2024-11-15,Region III,Aurora,Aurora,4273,15.75,121.56,"meat, fish and eggs",Eggs,92,Unit,actual,Retail,PHP,8.94,0.15
2024-11-15,Region III,Aurora,Aurora,4273,15.75,121.56,vegetables and fruits,Mangoes (carabao),848,KG,actual,Retail,PHP,168.75,2.87
2024-11-15,Region IV-A,Cavite,Cavite,4279,14.42,120.94,vegetables and fruits,Bottle gourd,852,KG,actual,Retail,PHP,44.29,0.75
2024-11-15,Region VIII,Samar,Samar,4303,11.77,124.88,vegetables and fruits,Squashes,340,KG,actual,Retail,PHP,43.75,0.74
2024-11-15,Region X,Camiguin,Camiguin,4309,9.25,124.72,"meat, fish and eggs",Meat (beef),141,KG,actual,Retail,PHP,440.0,7.49
2024-11-15,Region X,Misamis Oriental,Misamis Oriental,4312,8.48,124.65,vegetables and fruits,Pineapples,524,KG,actual,Retail,PHP,50.13,0.85
2024-11-15,Autonomous region in Muslim Mindanao,Tawi-Tawi,Tawi-Tawi,4329,5.03,119.77,"meat, fish and eggs",Anchovies,711,KG,actual,Retail,PHP,40.0,0.68
2024-11-15,Region II,Cagayan,Cagayan,4355,17.63,121.73,"meat, fish and eggs",Crab,860,KG,actual,Retail,PHP,404.29,6.88
2024-11-15,Region V,Albay,Albay,4359,13.15,123.75,cereals and tubers,Potatoes (Irish),148,KG,actual,Retail,PHP,130.0,2.21
2024-11-15,Region XIII,Surigao del Sur,Surigao del Sur,4363,9.06,126.2,vegetables and fruits,Bitter melon,842,KG,actual,Retail,PHP,77.5,1.32
2024-11-15,Region XIII,Surigao del Sur,Surigao del Sur,4363,9.06,126.2,vegetables and fruits,Bananas (latundan),846,KG,actual,Retail,PHP,31.25,0.53
2024-12-15,Cordillera Administrative region,Apayao,Apayao,4263,18.01,121.19,"meat, fish and eggs",Fish (milkfish),840,KG,actual,Retail,PHP,200.0,3.4
2024-12-15,Region III,Bataan,Bataan,4274,14.67,120.53,vegetables and fruits,Garlic,105,KG,actual,Retail,PHP,133.33,2.27
2024-12-15,Region III,Zambales,Zambales,4278,15.34,119.97,cereals and tubers,"Rice (regular, milled)",80,KG,actual,Retail,PHP,57.13,0.97
2024-12-15,Region III,Zambales,Zambales,4278,15.34,119.97,vegetables and fruits,Choko,851,KG,actual,Retail,PHP,77.0,1.31
2024-12-15,Region IV-B,Occidental Mindoro,Occidental Mindoro,4283,13.23,120.59,"meat, fish and eggs","Meat (chicken, whole)",125,KG,actual,Retail,PHP,245.0,4.17
2024-12-15,Region VI,Capiz,Capiz,4293,11.58,122.76,"meat, fish and eggs",Fish (tilapia),405,KG,actual,Retail,PHP,155.0,2.64
2024-12-15,Region VIII,Samar,Samar,4303,11.77,124.88,vegetables and fruits,Ginger,712,KG,actual,Retail,PHP,153.75,2.62
2024-12-15,Region X,Lanao del Norte,Lanao del Norte,4310,8.04,123.8,cereals and tubers,Potatoes (Irish),148,KG,actual,Retail,PHP,114.29,1.95
2024-12-15,Region XI,Davao del Sur,Davao del Sur,4315,6.75,125.36,vegetables and fruits,Bananas (lakatan),845,KG,actual,Retail,PHP,71.25,1.21
2024-12-15,Region XI,Davao del Sur,Davao del Sur,4315,6.75,125.36,vegetables and fruits,Calamansi,847,KG,actual,Retail,PHP,52.88,0.9
2024-12-15,Region XIII,Agusan del Norte,Agusan del Norte,4321,9.12,125.55,vegetables and fruits,Choko,851,KG,actual,Retail,PHP,43.13,0.73
2024-12-15,Cordillera Administrative region,Benguet,Benguet,4353,16.45,120.59,vegetables and fruits,Cabbage,181,KG,actual,Retail,PHP,62.88,1.07
2024-12-15,Region XIII,Surigao del Sur,Surigao del Sur,4363,9.06,126.2,"meat, fish and eggs",Fish (milkfish),840,KG,actual,Retail,PHP,205.0,3.49
2025-01-15,Cordillera Administrative region,Apayao,Apayao,4263,18.01,121.19,cereals and tubers,"Rice (regular, milled)",80,KG,actual,Retail,PHP,44.22,0.76
2025-01-15,Region I,Ilocos Sur,Ilocos Sur,4268,17.57,120.38,vegetables and fruits,Bananas (latundan),846,KG,actual,Retail,PHP,78.75,1.35
2025-01-15,Region I,La Union,La Union (Ilocos Region),4269,16.62,120.31,cereals and tubers,Rice (well milled),872,KG,actual,Retail,PHP,50.13,0.86
2025-01-15,Region II,Quirino,Quirino,4272,16.52,121.52,vegetables and fruits,Choko,851,KG,actual,Retail,PHP,58.75,1.0
2025-01-15,Region III,Bulacan,Bulacan,4275,14.84,120.81,"meat, fish and eggs",Eggs,92,Unit,actual,Retail,PHP,8.48,0.14
2025-01-15,Region IV-A,Laguna,Laguna,4280,14.29,121.41,"meat, fish and eggs",Fish (tilapia),405,KG,actual,Retail,PHP,156.75,2.68
2025-01-15,Region IV-A,Quezon,Quezon,4281,13.93,121.61,vegetables and fruits,Pineapples,524,KG,actual,Retail,PHP,82.5,1.41
2025-01-15,Region IV-B,Oriental Mindoro,Oriental Mindoro,4284,13.41,121.18,"meat, fish and eggs",Fish (tilapia),405,KG,actual,Retail,PHP,170.0,2.91
2025-01-15,Region IV-B,Romblon,Romblon,4285,12.58,122.27,"meat, fish and eggs","Meat (pork, with bones)",856,KG,actual,Retail,PHP,247.5,4.23
2025-01-15,Region V,Masbate,Camarines Sur,4287,12.55,123.27,vegetables and fruits,Bananas (latundan),846,KG,actual,Retail,PHP,73.75,1.26
2025-01-15,Region VI,Guimaras,Guimaras,4294,10.67,122.59,vegetables and fruits,Bitter melon,842,KG,actual,Retail,PHP,79.17,1.35
2025-01-15,Region VI,Guimaras,Guimaras,4294,10.67,122.59,"meat, fish and eggs",Shrimp (tiger),864,KG,actual,Retail,PHP,593.33,10.14
2025-01-15,Region IX,Zamboanga Sibugay,Zamboanga Sibugay,4307,7.78,122.58,cereals and tubers,Semolina (yellow),849,KG,actual,Retail,PHP,33.83,0.58
2025-01-15,Autonomous region in Muslim Mindanao,Basilan,Basilan,4325,6.66,122.14,vegetables and fruits,Garlic,105,KG,actual,Retail,PHP,188.57,3.22
2025-01-15,Region I,Pangasinan,Pangasinan,4354,16.02,120.23,"meat, fish and eggs",Shrimp (endeavor),863,KG,actual,Retail,PHP,555.0,9.49
2025-02-15,Region III,Bulacan,Bulacan,4275,14.84,120.81,"meat, fish and eggs",Fish (roundscad),841,KG,actual,Retail,PHP,303.5,5.25
2025-02-15,Region IV-A,Cavite,Cavite,4279,14.42,120.94,vegetables and fruits,Eggplants,434,KG,actual,Retail,PHP,114.38,1.98
2025-02-15,Region IV-A,Cavite,Cavite,4279,14.42,120.94,cereals and tubers,Rice (special),874,KG,actual,Retail,PHP,56.06,0.97
2025-02-15,Region IV-A,Quezon,Quezon,4281,13.93,121.61,vegetables and fruits,Carrots,166,KG,actual,Retail,PHP,161.25,2.79
2025-02-15,Region IV-B,Occidental Mindoro,Occidental Mindoro,4283,13.23,120.59,vegetables and fruits,Choko,851,KG,actual,Retail,PHP,73.13,1.26
2025-02-15,Region V,Camarines Norte,Camarines Norte,4286,14.12,122.96,vegetables and fruits,Eggplants,434,KG,actual,Retail,PHP,150.5,2.6
2025-02-15,Region V,Masbate,Masbate,4289,12.36,123.63,vegetables and fruits,Mangoes (carabao),848,KG,actual,Retail,PHP,201.25,3.48
2025-02-15,Region VI,Negros Occidental,Negros Occidental,4295,10.67,122.95,"meat, fish and eggs",Eggs (duck),786,Unit,actual,Retail,PHP,11.64,0.2
2025-02-15,Region VI,Negros Occidental,Negros Occidental,4295,10.67,122.95,vegetables and fruits,Bitter melon,842,KG,actual,Retail,PHP,134.38,2.32
2025-02-15,Region VI,Negros Occidental,Negros Occidental,4295,10.67,122.95,"meat, fish and eggs",Shrimp (tiger),864,KG,actual,Retail,PHP,397.25,6.87
2025-02-15,Region VIII,Biliran,Biliran,4299,11.56,124.39,vegetables and fruits,Tomatoes,114,KG,actual,Retail,PHP,146.25,2.53
2025-02-15,Region VIII,Leyte,Leyte,4301,11.25,125.0,vegetables and fruits,Coconut,684,KG,actual,Retail,PHP,28.13,0.49
2025-02-15,Region III,Nueva Ecija,Nueva Ecija,4356,15.55,121.09,"meat, fish and eggs",Fish (slipmouth),862,KG,actual,Retail,PHP,251.67,4.35
2025-02-15,Region V,Albay,Albay,4359,13.15,123.75,cereals and tubers,Rice (well milled),872,KG,actual,Retail,PHP,52.85,0.91
2025-02-15,Region VII,Cebu,Cebu,4361,10.29,123.9,vegetables and fruits,Squashes,340,KG,actual,Retail,PHP,38.13,0.66
2025-02-15,Region XIII,Surigao del Sur,Surigao del Sur,4363,9.06,126.2,vegetables and fruits,Bitter melon,842,KG,actual,Retail,PHP,92.5,1.6
2025-02-15,Region IV-A,Batangas,Batangas,4537,13.76,121.06,"meat, fish and eggs",Meat (beef),141,KG,actual,Retail,PHP,419.25,7.25
2025-03-15,Region XI,Davao del Sur,Davao City,180,7.18,125.44,cereals and tubers,Rice (well milled),872,KG,actual,Retail,PHP,54.29,0.95
2025-03-15,Region II,Nueva Vizcaya,Nueva Vizcaya,4271,16.49,121.15,vegetables and fruits,Calamansi,847,KG,actual,Retail,PHP,98.75,1.73
2025-03-15,Region II,Quirino,Quirino,4272,16.52,121.52,"meat, fish and eggs","Meat (beef, chops with bones)",123,KG,actual,Retail,PHP,318.75,5.57
2025-03-15,Region III,Bulacan,Bulacan,4275,14.84,120.81,"meat, fish and eggs",Eggs (duck),786,Unit,actual,Retail,PHP,10.25,0.18
2025-03-15,Region III,Bulacan,Pampanga,4276,15.02,121.09,vegetables and fruits,Bitter melon,842,KG,actual,Retail,PHP,119.63,2.09
2025-03-15,Region III,Zambales,Zambales,4278,15.34,119.97,vegetables and fruits,Eggplants,434,KG,actual,Retail,PHP,114.75,2.0
2025-03-15,Region IV-B,Oriental Mindoro,Oriental Mindoro,4284,13.41,121.18,pulses and nuts,Beans (mung),393,KG,actual,Retail,PHP,112.5,1.97
2025-03-15,Region V,Sorsogon,Sorsogon,4290,12.97,124.01,"meat, fish and eggs","Meat (beef, chops with bones)",123,KG,actual,Retail,PHP,343.25,6.0
2025-03-15,Region IX,Zamboanga del Norte,Zamboanga del Norte,4305,8.59,123.34,cereals and tubers,Rice (special),874,KG,actual,Retail,PHP,55.97,0.98
2025-03-15,Region XI,Compostela Valley,Davao de Oro,4313,7.6,125.97,"meat, fish and eggs",Fish (tilapia),405,KG,actual,Retail,PHP,185.0,3.23
2025-03-15,Region XIII,Agusan del Norte,Agusan del Norte,4321,9.12,125.55,cereals and tubers,Rice (well milled),872,KG,actual,Retail,PHP,47.09,0.82
2025-03-15,Region XIII,Surigao del Norte,Surigao del Norte,4324,9.79,125.5,vegetables and fruits,Squashes,340,KG,actual,Retail,PHP,39.38,0.69
2025-03-15,Cordillera Administrative region,Benguet,Benguet,4353,16.45,120.59,"meat, fish and eggs",Eggs,92,Unit,actual,Retail,PHP,9.23,0.16
2025-03-15,Region III,Nueva Ecija,Nueva Ecija,4356,15.55,121.09,vegetables and fruits,Carrots,166,KG,actual,Retail,PHP,73.75,1.29
2025-03-15,Region V,Albay,Albay,4359,13.15,123.75,vegetables and fruits,Cabbage,181,KG,actual,Retail,PHP,79.25,1.38
2025-03-15,Region IV-A,Batangas,Batangas,4537,13.76,121.06,"meat, fish and eggs",Shrimp (tiger),864,KG,actual,Retail,PHP,704.29,12.31
2025-04-15,Cordillera Administrative region,Ifugao,Ifugao,4264,16.8,121.12,vegetables and fruits,Choko,851,KG,actual,Retail,PHP,44.29,0.78
2025-04-15,Region II,Nueva Vizcaya,Nueva Vizcaya,4271,16.49,121.15,vegetables and fruits,Bottle gourd,852,KG,actual,Retail,PHP,30.0,0.53
2025-04-15,Region II,Quirino,Quirino,4272,16.52,121.52,vegetables and fruits,Beans (string),406,KG,actual,Retail,PHP,42.5,0.75
2025-04-15,Region III,Zambales,Zambales,4278,15.34,119.97,"meat, fish and eggs",Fish (redbelly yellowtail fusilier),861,KG,actual,Retail,PHP,271.67,4.79
2025-04-15,Region V,Camarines Norte,Camarines Norte,4286,14.12,122.96,vegetables and fruits,Eggplants,434,KG,actual,Retail,PHP,127.38,2.24
2025-04-15,Region V,Masbate,Camarines Sur,4287,12.55,123.27,cereals and tubers,Potatoes (Irish),148,KG,actual,Retail,PHP,132.0,2.33
2025-04-15,Region VII,Negros Oriental,Negros Oriental,4297,9.31,123.31,"meat, fish and eggs",Fish (redbelly yellowtail fusilier),861,KG,actual,Retail,PHP,345.0,6.08
2025-04-15,Region VII,Siquijor,Siquijor,4298,9.21,123.51,"meat, fish and eggs",Eggs,92,Unit,actual,Retail,PHP,10.09,0.18
2025-04-15,Region VIII,Eastern Samar,Eastern Samar,4300,11.61,125.43,vegetables and fruits,Coconut,684,KG,actual,Retail,PHP,21.25,0.37
2025-04-15,Region IX,Zamboanga Sibugay,Zamboanga Sibugay,4307,7.78,122.58,cereals and tubers,Rice (special),874,KG,actual,Retail,PHP,51.79,0.91
2025-04-15,Region X,Bukidnon,Bukidnon,4308,8.15,125.13,vegetables and fruits,Choko,851,KG,actual,Retail,PHP,23.55,0.41
2025-04-15,Region X,Misamis Occidental,Misamis Occidental,4311,8.48,123.81,"meat, fish and eggs",Anchovies,711,KG,actual,Retail,PHP,116.0,2.04
2025-04-15,Region XI,Davao del Norte,Davao del Norte,4314,7.45,125.8,"meat, fish and eggs",Meat (beef),141,KG,actual,Retail,PHP,430.63,7.59
2025-04-15,Region XI,Davao del Sur,Davao del Sur,4315,6.75,125.36,"meat, fish and eggs",Meat (beef),141,KG,actual,Retail,PHP,426.25,7.51
2025-04-15,Region VI,Iloilo,Iloilo,4360,10.69,122.57,"meat, fish and eggs",Fish (milkfish),840,KG,actual,Retail,PHP,221.25,3.9
2025-04-15,Region VII,Cebu,Cebu,4361,10.29,123.9,vegetables and fruits,Bananas (latundan),846,KG,actual,Retail,PHP,56.88,1.0
2025-05-15,Cordillera Administrative region,Abra,Abra,4262,17.6,120.62,pulses and nuts,Beans (mung),393,KG,actual,Retail,PHP,100.0,1.79
2025-05-15,Region I,Ilocos Sur,Ilocos Sur,4268,17.57,120.38,vegetables and fruits,Cabbage,181,KG,actual,Retail,PHP,110.0,1.97
2025-05-15,Region II,Isabela,Isabela,4270,17.13,121.87,vegetables and fruits,Eggplants,434,KG,actual,Retail,PHP,95.0,1.7
2025-05-15,Region II,Isabela,Isabela,4270,17.13,121.87,vegetables and fruits,Bananas (lakatan),845,KG,actual,Retail,PHP,82.5,1.48
2025-05-15,Region III,Bataan,Bataan,4274,14.67,120.53,cereals and tubers,Potatoes (Irish),148,KG,actual,Retail,PHP,97.13,1.74
2025-05-15,Region III,Bataan,Bataan,4274,14.67,120.53,"meat, fish and eggs",Fish (roundscad),841,KG,actual,Retail,PHP,307.5,5.51
2025-05-15,Region IV-A,Quezon,Quezon,4281,13.93,121.61,"meat, fish and eggs",Eggs,92,Unit,actual,Retail,PHP,8.41,0.15
2025-05-15,Region V,Catanduanes,Catanduanes,4288,13.58,124.23,"meat, fish and eggs","Meat (pork, with bones)",856,KG,actual,Retail,PHP,357.5,6.41
2025-05-15,Region VI,Guimaras,Guimaras,4294,10.67,122.59,vegetables and fruits,Sweet Potato leaves,853,KG,actual,Retail,PHP,41.67,0.75
2025-05-15,Region VII,Siquijor,Siquijor,4298,9.21,123.51,vegetables and fruits,Beans (string),406,KG,actual,Retail,PHP,101.25,1.81
2025-05-15,Region IX,Zamboanga del Norte,Zamboanga del Norte,4305,8.59,123.34,vegetables and fruits,Cabbage,181,KG,actual,Retail,PHP,96.25,1.73
2025-05-15,Region X,Lanao del Norte,Lanao del Norte,4310,8.04,123.8,vegetables and fruits,Tomatoes,114,KG,actual,Retail,PHP,87.5,1.57
2025-05-15,Region X,Misamis Oriental,Misamis Oriental,4312,8.48,124.65,vegetables and fruits,Eggplants,434,KG,actual,Retail,PHP,65.88,1.18
2025-05-15,Region XI,Compostela Valley,Davao de Oro,4313,7.6,125.97,"meat, fish and eggs",Eggs,92,Unit,actual,Retail,PHP,9.21,0.17
2025-05-15,Region XI,Davao del Sur,Davao del Sur,4315,6.75,125.36,vegetables and fruits,Bitter melon,842,KG,actual,Retail,PHP,78.13,1.4
2025-05-15,Region XII,Sultan Kudarat,Sultan Kudarat,4320,6.63,124.6,"meat, fish and eggs",Fish (tilapia),405,KG,actual,Retail,PHP,152.5,2.73
2025-05-15,Region XIII,Agusan del Norte,Agusan del Norte,4321,9.12,125.55,cereals and tubers,Potatoes (Irish),148,KG,actual,Retail,PHP,145.0,2.6
2025-05-15,Region XIII,Dinagat Islands,Dinagat Islands,4323,10.01,125.57,"meat, fish and eggs",Anchovies,711,KG,actual,Retail,PHP,146.67,2.63
2025-05-15,Region XIII,Dinagat Islands,Dinagat Islands,4323,10.01,125.57,vegetables and fruits,Bananas (latundan),846,KG,actual,Retail,PHP,43.33,0.78
2025-05-15,Autonomous region in Muslim Mindanao,Basilan,Basilan,4325,6.66,122.14,vegetables and fruits,Cabbage,181,KG,actual,Retail,PHP,122.86,2.2
2025-05-15,Autonomous region in Muslim Mindanao,Sulu,Sulu,4328,6.05,121.0,"meat, fish and eggs","Meat (beef, chops with bones)",123,KG,actual,Retail,PHP,287.5,5.15
2025-05-15,Region V,Albay,Albay,4359,13.15,123.75,vegetables and fruits,Tomatoes,114,KG,actual,Retail,PHP,50.0,0.9
2025-05-15,Region IV-A,Batangas,Batangas,4537,13.76,121.06,vegetables and fruits,Coconut,684,KG,actual,Retail,PHP,36.88,0.66
2025-06-15,Cordillera Administrative region,Abra,Abra,4262,17.6,120.62,"meat, fish and eggs",Fish (tilapia),405,KG,actual,Retail,PHP,172.5,3.06
2025-06-15,Cordillera Administrative region,Abra,Abra,4262,17.6,120.62,vegetables and fruits,Bananas (latundan),846,KG,actual,Retail,PHP,71.25,1.26
2025-06-15,Cordillera Administrative region,Abra,Abra,4262,17.6,120.62,cereals and tubers,Rice (well milled),872,KG,actual,Retail,PHP,55.67,0.99
2025-06-15,Cordillera Administrative region,Apayao,Apayao,4263,18.01,121.19,vegetables and fruits,Cabbage,181,KG,actual,Retail,PHP,70.0,1.24
2025-06-15,Cordillera Administrative region,Kalinga,Kalinga,4265,17.47,121.47,"meat, fish and eggs",Fish (tilapia),405,KG,actual,Retail,PHP,169.38,3.01
2025-06-15,Region II,Quirino,Quirino,4272,16.52,121.52,"meat, fish and eggs",Fish (milkfish),840,KG,actual,Retail,PHP,223.75,3.97
2025-06-15,Region III,Bulacan,Bulacan,4275,14.84,120.81,vegetables and fruits,Tomatoes,114,KG,actual,Retail,PHP,65.38,1.16
2025-06-15,Region III,Bulacan,Pampanga,4276,15.02,121.09,"meat, fish and eggs","Meat (pork, hock)",858,KG,actual,Retail,PHP,344.38,6.11
2025-06-15,Region III,Zambales,Zambales,4278,15.34,119.97,cereals and tubers,Rice (well milled),872,KG,actual,Retail,PHP,55.36,0.98
2025-06-15,Region IV-A,Cavite,Cavite,4279,14.42,120.94,vegetables and fruits,Bananas (saba),854,KG,actual,Retail,PHP,42.5,0.75
2025-06-15,Region V,Catanduanes,Catanduanes,4288,13.58,124.23,vegetables and fruits,Coconut,684,KG,actual,Retail,PHP,40.0,0.71
2025-06-15,Region VI,Guimaras,Guimaras,4294,10.67,122.59,vegetables and fruits,Ginger,712,KG,actual,Retail,PHP,191.67,3.4
2025-06-15,Region VII,Bohol,Bohol,4296,9.66,123.87,vegetables and fruits,Coconut,684,KG,actual,Retail,PHP,31.88,0.57
2025-06-15,Region VII,Negros Oriental,Negros Oriental,4297,9.31,123.31,cereals and tubers,Semolina (white),850,KG,actual,Retail,PHP,39.19,0.7
2025-06-15,Region VIII,Biliran,Biliran,4299,11.56,124.39,vegetables and fruits,Bananas (latundan),846,KG,actual,Retail,PHP,42.5,0.75
2025-06-15,Region VIII,Samar,Samar,4303,11.77,124.88,"meat, fish and eggs","Meat (pork, hock)",858,KG,actual,Retail,PHP,293.75,5.21
2025-06-15,Region IX,Zamboanga del Sur,Zamboanga del Sur,4306,7.82,123.44,cereals and tubers,Semolina (white),850,KG,actual,Retail,PHP,31.48,0.56
2025-06-15,Region X,Camiguin,Camiguin,4309,9.25,124.72,vegetables and fruits,Onions (red),110,KG,actual,Retail,PHP,187.5,3.33
2025-06-15,Region X,Misamis Oriental,Misamis Oriental,4312,8.48,124.65,"meat, fish and eggs",Meat (beef),141,KG,actual,Retail,PHP,450.25,7.99
2025-06-15,Region XI,Compostela Valley,Davao de Oro,4313,7.6,125.97,cereals and tubers,Rice (special),874,KG,actual,Retail,PHP,48.56,0.86
2025-06-15,Region XI,Davao del Norte,Davao del Norte,4314,7.45,125.8,vegetables and fruits,Carrots,166,KG,actual,Retail,PHP,65.63,1.16
2025-06-15,Region XII,Sarangani,Sarangani,4319,6.1,125.29,vegetables and fruits,Tomatoes,114,KG,actual,Retail,PHP,53.75,0.95
2025-06-15,Cordillera Administrative region,Benguet,Benguet,4353,16.45,120.59,vegetables and fruits,Bananas (saba),854,KG,actual,Retail,PHP,59.5,1.06
2025-06-15,Region I,Pangasinan,Pangasinan,4354,16.02,120.23,"meat, fish and eggs",Meat (pork),140,KG,actual,Retail,PHP,379.5,6.73
2025-06-15,Region IV-B,Palawan,Palawan,4358,9.78,118.74,"meat, fish and eggs","Fish (mackerel, fresh)",744,KG,actual,Retail,PHP,176.67,3.14
2025-07-15,Cordillera Administrative region,Mountain Province,Mountain Province,4266,17.09,120.98,vegetables and fruits,Eggplants,434,KG,actual,Retail,PHP,85.63,1.51
2025-07-15,Region III,Bulacan,Bulacan,4275,14.84,120.81,vegetables and fruits,Coconut,684,KG,actual,Retail,PHP,42.38,0.75
2025-07-15,Region III,Zambales,Zambales,4278,15.34,119.97,"meat, fish and eggs",Meat (pork),140,KG,actual,Retail,PHP,381.0,6.71
2025-07-15,Region IV-B,Oriental Mindoro,Oriental Mindoro,4284,13.41,121.18,"meat, fish and eggs",Shrimp (tiger),864,KG,actual,Retail,PHP,755.0,13.3
2025-07-15,Region VI,Capiz,Capiz,4293,11.58,122.76,"meat, fish and eggs",Shrimp (tiger),864,KG,actual,Retail,PHP,631.25,11.12
2025-07-15,Region VI,Guimaras,Guimaras,4294,10.67,122.59,vegetables and fruits,Sweet Potato leaves,853,KG,actual,Retail,PHP,41.67,0.73
2025-07-15,Region VIII,Biliran,Biliran,4299,11.56,124.39,"meat, fish and eggs","Meat (chicken, whole)",125,KG,actual,Retail,PHP,203.38,3.58
2025-07-15,Region VIII,Leyte,Leyte,4301,11.25,125.0,pulses and nuts,Groundnuts (unshelled),118,KG,actual,Retail,PHP,114.17,2.01
2025-07-15,Region VIII,Samar,Samar,4303,11.77,124.88,cereals and tubers,"Rice (regular, milled)",80,KG,actual,Retail,PHP,38.84,0.68
2025-07-15,Region IX,Zamboanga del Sur,Zamboanga del Sur,4306,7.82,123.44,vegetables and fruits,Beans (string),406,KG,actual,Retail,PHP,62.5,1.1
2025-07-15,Region XIII,Agusan del Norte,Agusan del Norte,4321,9.12,125.55,cereals and tubers,"Rice (regular, milled)",80,KG,actual,Retail,PHP,39.05,0.69
2025-07-15,Cordillera Administrative region,Benguet,Benguet,4353,16.45,120.59,"meat, fish and eggs","Meat (chicken, whole)",125,KG,actual,Retail,PHP,212.0,3.73
2025-07-15,Region II,Cagayan,Cagayan,4355,17.63,121.73,vegetables and fruits,Cabbage,181,KG,actual,Retail,PHP,51.88,0.91
2025-08-15,National Capital region,Metropolitan Manila,Metro Manila,167,14.6,120.98,"meat, fish and eggs","Fish (mackerel, fresh)",744,KG,actual,Retail,PHP,368.13,6.45
2025-08-15,Cordillera Administrative region,Ifugao,Ifugao,4264,16.8,121.12,cereals and tubers,"Rice (regular, milled)",80,KG,actual,Retail,PHP,45.44,0.8
2025-08-15,Region I,Ilocos Sur,Ilocos Sur,4268,17.57,120.38,vegetables and fruits,Calamansi,847,KG,actual,Retail,PHP,76.25,1.34
2025-08-15,Region III,Bataan,Bataan,4274,14.67,120.53,vegetables and fruits,Beans (string),406,KG,actual,Retail,PHP,138.13,2.42
2025-08-15,Region III,Zambales,Zambales,4278,15.34,119.97,"meat, fish and eggs",Eggs,92,Unit,actual,Retail,PHP,8.98,0.16
2025-08-15,Region IV-B,Oriental Mindoro,Oriental Mindoro,4284,13.41,121.18,cereals and tubers,Rice (special),874,KG,actual,Retail,PHP,52.04,0.91
2025-08-15,Region IV-B,Romblon,Romblon,4285,12.58,122.27,vegetables and fruits,Bitter melon,842,KG,actual,Retail,PHP,126.25,2.21
2025-08-15,Region V,Camarines Norte,Camarines Norte,4286,14.12,122.96,"meat, fish and eggs",Fish (tilapia),405,KG,actual,Retail,PHP,162.5,2.85
2025-08-15,Region V,Sorsogon,Sorsogon,4290,12.97,124.01,vegetables and fruits,Cabbage,181,KG,actual,Retail,PHP,167.5,2.94
2025-08-15,Region VII,Bohol,Bohol,4296,9.66,123.87,cereals and tubers,"Rice (regular, milled)",80,KG,actual,Retail,PHP,42.18,0.74
2025-08-15,Region VIII,Eastern Samar,Eastern Samar,4300,11.61,125.43,cereals and tubers,"Rice (regular, milled)",80,KG,actual,Retail,PHP,39.35,0.69
2025-08-15,Region X,Misamis Oriental,Misamis Oriental,4312,8.48,124.65,"meat, fish and eggs","Meat (chicken, whole)",125,KG,actual,Retail,PHP,202.75,3.55
2025-08-15,Region XI,Davao del Sur,Davao del Sur,4315,6.75,125.36,vegetables and fruits,Beans (string),406,KG,actual,Retail,PHP,74.38,1.3
2025-08-15,Region XII,Sarangani,Sarangani,4319,6.1,125.29,vegetables and fruits,Bananas (latundan),846,KG,actual,Retail,PHP,30.63,0.54
2025-08-15,Region XIII,Dinagat Islands,Dinagat Islands,4323,10.01,125.57,cereals and tubers,Potatoes (Irish),148,KG,actual,Retail,PHP,141.67,2.48
2025-08-15,Autonomous region in Muslim Mindanao,Lanao del Sur,Lanao del Sur,4326,8.0,124.28,vegetables and fruits,Cabbage,181,KG,actual,Retail,PHP,76.38,1.34
2025-08-15,Region II,Cagayan,Cagayan,4355,17.63,121.73,cereals and tubers,Rice (well milled),872,KG,actual,Retail,PHP,37.5,0.66
2025-09-15,National Capital region,Metropolitan Manila,Metro Manila,167,14.6,120.98,vegetables and fruits,Garlic,105,KG,actual,Retail,PHP,325.4,5.7
2025-09-15,National Capital region,Metropolitan Manila,Metro Manila,167,14.6,120.98,"meat, fish and eggs",Shrimp (endeavor),863,KG,actual,Retail,PHP,464.36,8.13
2025-09-15,Cordillera Administrative region,Apayao,Apayao,4263,18.01,121.19,"meat, fish and eggs","Meat (beef, chops with bones)",123,KG,actual,Retail,PHP,366.25,6.42
2025-09-15,Cordillera Administrative region,Apayao,Apayao,4263,18.01,121.19,cereals and tubers,Rice (special),874,KG,actual,Retail,PHP,52.29,0.92
2025-09-15,Cordillera Administrative region,Ifugao,Ifugao,4264,16.8,121.12,vegetables and fruits,Choko,851,KG,actual,Retail,PHP,51.43,0.9
2025-09-15,Cordillera Administrative region,Kalinga,Kalinga,4265,17.47,121.47,"meat, fish and eggs",Meat (pork),140,KG,actual,Retail,PHP,367.5,6.44
2025-09-15,Region I,La Union,La Union (Ilocos Region),4269,16.62,120.31,"meat, fish and eggs",Meat (pork),140,KG,actual,Retail,PHP,352.5,6.17
2025-09-15,Region II,Quirino,Quirino,4272,16.52,121.52,vegetables and fruits,Beans (string),406,KG,actual,Retail,PHP,51.25,0.9
2025-09-15,Region IV-A,Laguna,Laguna,4280,14.29,121.41,vegetables and fruits,Carrots,166,KG,actual,Retail,PHP,207.5,3.63
2025-09-15,Region IV-B,Marinduque,Marinduque,4282,13.45,121.84,"meat, fish and eggs","Meat (beef, chops with bones)",123,KG,actual,Retail,PHP,403.33,7.06
2025-09-15,Region V,Camarines Norte,Camarines Norte,4286,14.12,122.96,cereals and tubers,Rice (special),874,KG,actual,Retail,PHP,63.95,1.12
2025-09-15,Region V,Catanduanes,Catanduanes,4288,13.58,124.23,vegetables and fruits,Bananas (latundan),846,KG,actual,Retail,PHP,72.5,1.27
2025-09-15,Region VI,Capiz,Capiz,4293,11.58,122.76,pulses and nuts,Groundnuts (unshelled),118,KG,actual,Retail,PHP,117.5,2.06
2025-09-15,Region VI,Capiz,Capiz,4293,11.58,122.76,"meat, fish and eggs",Eggs (duck),786,Unit,actual,Retail,PHP,9.67,0.17
2025-09-15,Region IX,Zamboanga del Sur,Zamboanga del Sur,4306,7.82,123.44,vegetables and fruits,Bitter melon,842,KG,actual,Retail,PHP,93.75,1.64
2025-09-15,Region X,Bukidnon,Bukidnon,4308,8.15,125.13,vegetables and fruits,Ginger,712,KG,actual,Retail,PHP,144.75,2.54
2025-09-15,Region XI,Davao Oriental,Davao Oriental,4317,6.96,126.21,"meat, fish and eggs",Eggs,92,Unit,actual,Retail,PHP,9.04,0.16
2025-09-15,Region XII,North Cotabato,Cotabato,4318,7.01,125.09,"meat, fish and eggs",Fish (tilapia),405,KG,actual,Retail,PHP,188.75,3.31
2025-09-15,Region XIII,Agusan del Sur,Agusan del Sur,4322,8.61,125.91,"meat, fish and eggs",Meat (beef),141,KG,actual,Retail,PHP,473.75,8.3
2025-09-15,Region XIII,Dinagat Islands,Dinagat Islands,4323,10.01,125.57,cereals and tubers,Potatoes (Irish),148,KG,actual,Retail,PHP,136.67,2.39
2025-09-15,Autonomous region in Muslim Mindanao,Tawi-Tawi,Tawi-Tawi,4329,5.03,119.77,vegetables and fruits,Cabbage (chinese),843,KG,actual,Retail,PHP,98.33,1.72
2025-09-15,Region V,Albay,Albay,4359,13.15,123.75,"meat, fish and eggs",Fish (milkfish),840,KG,actual,Retail,PHP,245.63,4.3
2025-09-15,Region VI,Iloilo,Iloilo,4360,10.69,122.57,"meat, fish and eggs","Meat (beef, chops with bones)",123,KG,actual,Retail,PHP,404.75,7.09
2025-10-15,Cordillera Administrative region,Abra,Abra,4262,17.6,120.62,"meat, fish and eggs",Eggs,92,Unit,actual,Retail,PHP,8.63,0.15
2025-10-15,Region II,Nueva Vizcaya,Nueva Vizcaya,4271,16.49,121.15,vegetables and fruits,Sweet Potato leaves,853,KG,actual,Retail,PHP,36.25,0.62
2025-10-15,Region II,Nueva Vizcaya,Nueva Vizcaya,4271,16.49,121.15,"meat, fish and eggs",Fish (redbelly yellowtail fusilier),861,KG,actual,Retail,PHP,436.25,7.5
2025-10-15,Region III,Aurora,Aurora,4273,15.75,121.56,"meat, fish and eggs","Meat (chicken, whole)",125,KG,actual,Retail,PHP,232.5,4.0
2025-10-15,Region III,Zambales,Zambales,4278,15.34,119.97,vegetables and fruits,Eggplants,434,KG,actual,Retail,PHP,142.75,2.45
2025-10-15,Region IV-A,Quezon,Quezon,4281,13.93,121.61,vegetables and fruits,Cabbage,181,KG,actual,Retail,PHP,100.0,1.72
2025-10-15,Region V,Sorsogon,Sorsogon,4290,12.97,124.01,vegetables and fruits,Squashes,340,KG,actual,Retail,PHP,72.88,1.25
2025-10-15,Region VI,Capiz,Capiz,4293,11.58,122.76,cereals and tubers,Rice (special),874,KG,actual,Retail,PHP,58.88,1.01
2025-10-15,Region VII,Bohol,Bohol,4296,9.66,123.87,vegetables and fruits,Squashes,340,KG,actual,Retail,PHP,63.75,1.1
2025-10-15,Region VII,Bohol,Bohol,4296,9.66,123.87,vegetables and fruits,"Beans (green, fresh)",458,KG,actual,Retail,PHP,96.25,1.65
2025-10-15,Region X,Camiguin,Camiguin,4309,9.25,124.72,pulses and nuts,Beans (mung),393,KG,actual,Retail,PHP,126.25,2.17
2025-10-15,Region X,Misamis Occidental,Misamis Occidental,4311,8.48,123.81,cereals and tubers,"Rice (regular, milled)",80,KG,actual,Retail,PHP,47.54,0.82
2025-10-15,Region XI,Compostela Valley,Davao de Oro,4313,7.6,125.97,vegetables and fruits,Cabbage (chinese),843,KG,actual,Retail,PHP,103.75,1.78
2025-10-15,Region XII,North Cotabato,Cotabato,4318,7.01,125.09,vegetables and fruits,Onions (red),110,KG,actual,Retail,PHP,198.13,3.41
2025-10-15,Region XIII,Agusan del Sur,Agusan del Sur,4322,8.61,125.91,vegetables and fruits,Bottle gourd,852,KG,actual,Retail,PHP,43.13,0.74
2025-10-15,Region XIII,Surigao del Norte,Surigao del Norte,4324,9.79,125.5,vegetables and fruits,Cabbage (chinese),843,KG,actual,Retail,PHP,115.71,1.99
2025-10-15,Autonomous region in Muslim Mindanao,Tawi-Tawi,Tawi-Tawi,4329,5.03,119.77,"meat, fish and eggs",Anchovies,711,KG,actual,Retail,PHP,45.0,0.77
2025-10-15,Region XII,South Cotabato,South Cotabato,4362,6.5,124.84,"meat, fish and eggs",Fish (milkfish),840,KG,actual,Retail,PHP,225.13,3.87
2025-11-15,National Capital region,Metropolitan Manila,Metro Manila,167,14.6,120.98,"meat, fish and eggs",Meat (beef),141,KG,actual,Retail,PHP,478.05,8.1
2025-11-15,Region IX,Zamboanga del Sur,Zamboanga City,178,6.91,122.07,vegetables and fruits,Onions (red),110,KG,actual,Retail,PHP,183.0,3.1
2025-11-15,Cordillera Administrative region,Apayao,Apayao,4263,18.01,121.19,vegetables and fruits,Squashes,340,KG,actual,Retail,PHP,62.5,1.06
2025-11-15,Region I,Ilocos Sur,Ilocos Sur,4268,17.57,120.38,vegetables and fruits,Carrots,166,KG,actual,Retail,PHP,171.25,2.9
2025-11-15,Region II,Quirino,Quirino,4272,16.52,121.52,cereals and tubers,"Rice (regular, milled)",80,KG,actual,Retail,PHP,32.28,0.55
2025-11-15,Region II,Quirino,Quirino,4272,16.52,121.52,vegetables and fruits,Choko,851,KG,actual,Retail,PHP,70.0,1.19
2025-11-15,Region III,Bulacan,Bulacan,4275,14.84,120.81,"meat, fish and eggs",Anchovies,711,KG,actual,Retail,PHP,201.25,3.41
2025-11-15,Region IV-A,Quezon,Quezon,4281,13.93,121.61,"meat, fish and eggs","Meat (chicken, whole)",125,KG,actual,Retail,PHP,223.75,3.79
2025-11-15,Region VI,Aklan,Aklan,4291,11.71,122.37,"meat, fish and eggs",Eggs (duck),786,Unit,actual,Retail,PHP,12.94,0.22
2025-11-15,Region VI,Guimaras,Guimaras,4294,10.67,122.59,vegetables and fruits,Bananas (latundan),846,KG,actual,Retail,PHP,53.33,0.9
2025-11-15,Region VII,Bohol,Bohol,4296,9.66,123.87,cereals and tubers,Potatoes (Irish),148,KG,actual,Retail,PHP,160.63,2.72
2025-11-15,Region VIII,Leyte,Leyte,4301,11.25,125.0,cereals and tubers,Rice (special),874,KG,actual,Retail,PHP,56.05,0.95
2025-11-15,Region IX,Zamboanga del Norte,Zamboanga del Norte,4305,8.59,123.34,"meat, fish and eggs",Fish (tilapia),405,KG,actual,Retail,PHP,165.0,2.8
2025-11-15,Region IX,Zamboanga del Sur,Zamboanga del Sur,4306,7.82,123.44,"meat, fish and eggs",Anchovies,711,KG,actual,Retail,PHP,150.0,2.54
2025-11-15,Region IX,Zamboanga Sibugay,Zamboanga Sibugay,4307,7.78,122.58,vegetables and fruits,Bananas (lakatan),845,KG,actual,Retail,PHP,58.33,0.99
2025-11-15,Region XI,Davao del Sur,Davao del Sur,4315,6.75,125.36,"meat, fish and eggs",Fish (tilapia),405,KG,actual,Retail,PHP,216.25,3.66
2025-11-15,Region XIII,Dinagat Islands,Dinagat Islands,4323,10.01,125.57,"meat, fish and eggs",Shrimp (tiger),864,KG,actual,Retail,PHP,392.0,6.64
2025-11-15,Region XII,South Cotabato,South Cotabato,4362,6.5,124.84,pulses and nuts,Groundnuts (shelled),119,KG,actual,Retail,PHP,99.25,1.68
2025-11-15,Region IV-A,Batangas,Batangas,4537,13.76,121.06,"meat, fish and eggs","Meat (pork, with bones)",856,KG,actual,Retail,PHP,360.0,6.1
2025-12-15,Region III,Tarlac,Tarlac,4277,15.49,120.59,vegetables and fruits,Bitter melon,842,KG,actual,Retail,PHP,211.0,3.58
2025-12-15,Region III,Zambales,Zambales,4278,15.34,119.97,vegetables and fruits,Tomatoes,114,KG,actual,Retail,PHP,128.0,2.17
2025-12-15,Region IV-B,Marinduque,Marinduque,4282,13.45,121.84,vegetables and fruits,Bitter melon,842,KG,actual,Retail,PHP,146.67,2.49
2025-12-15,Region IV-B,Oriental Mindoro,Oriental Mindoro,4284,13.41,121.18,"meat, fish and eggs",Eggs (duck),786,Unit,actual,Retail,PHP,9.75,0.17
2025-12-15,Region V,Catanduanes,Catanduanes,4288,13.58,124.23,"meat, fish and eggs",Shrimp (tiger),864,KG,actual,Retail,PHP,593.33,10.07
2025-12-15,Region V,Masbate,Masbate,4289,12.36,123.63,"meat, fish and eggs",Anchovies,711,KG,actual,Retail,PHP,125.0,2.12
2025-12-15,Region X,Lanao del Norte,Lanao del Norte,4310,8.04,123.8,pulses and nuts,Beans (mung),393,KG,actual,Retail,PHP,101.88,1.73
2025-12-15,Region X,Misamis Oriental,Misamis Oriental,4312,8.48,124.65,"meat, fish and eggs",Anchovies,711,KG,actual,Retail,PHP,131.25,2.23
2025-12-15,Region XI,Compostela Valley,Davao de Oro,4313,7.6,125.97,vegetables and fruits,Coconut,684,KG,actual,Retail,PHP,36.83,0.63
2025-12-15,Cordillera Administrative region,Benguet,Benguet,4353,16.45,120.59,"meat, fish and eggs",Eggs,92,Unit,actual,Retail,PHP,9.48,0.16
2025-12-15,Region IV-A,Rizal,Rizal,4357,14.59,121.17,cereals and tubers,"Rice (regular, milled)",80,KG,actual,Retail,PHP,39.94,0.68
2025-12-15,Region VI,Iloilo,Iloilo,4360,10.69,122.57,vegetables and fruits,Bananas (lakatan),845,KG,actual,Retail,PHP,101.75,1.73
2025-12-15,Region VII,Cebu,Cebu,4361,10.29,123.9,cereals and tubers,Potatoes (Irish),148,KG,actual,Retail,PHP,182.5,3.1
2025-12-15,Region XIII,Surigao del Sur,Surigao del Sur,4363,9.06,126.2,"meat, fish and eggs",Shrimp (endeavor),863,KG,actual,Retail,PHP,365.0,6.2
2026-01-15,Cordillera Administrative region,Ifugao,Ifugao,4264,16.8,121.12,cereals and tubers,Sweet potatoes,87,KG,actual,Retail,PHP,65.71,1.1
2026-01-15,Cordillera Administrative region,Mountain Province,Mountain Province,4266,17.09,120.98,cereals and tubers,Rice (special),874,KG,actual,Retail,PHP,61.75,1.04
2026-01-15,Region I,Ilocos Norte,Ilocos Norte,4267,18.19,120.6,"meat, fish and eggs",Fish (milkfish),840,KG,actual,Retail,PHP,256.25,4.31
2026-01-15,Region I,Ilocos Norte,Ilocos Norte,4267,18.19,120.6,"meat, fish and eggs",Fish (threadfin bream),859,KG,actual,Retail,PHP,257.5,4.33
2026-01-15,Region II,Isabela,Isabela,4270,17.13,121.87,vegetables and fruits,Beans (string),406,KG,actual,Retail,PHP,150.0,2.52
2026-01-15,Region II,Nueva Vizcaya,Nueva Vizcaya,4271,16.49,121.15,cereals and tubers,Semolina (yellow),849,KG,actual,Retail,PHP,29.5,0.5
2026-01-15,Region III,Bulacan,Pampanga,4276,15.02,121.09,vegetables and fruits,"Beans (green, fresh)",458,KG,actual,Retail,PHP,153.88,2.59
2026-01-15,Region VII,Siquijor,Siquijor,4298,9.21,123.51,vegetables and fruits,Squashes,340,KG,actual,Retail,PHP,56.25,0.95
2026-01-15,Region VIII,Eastern Samar,Eastern Samar,4300,11.61,125.43,cereals and tubers,Rice (special),874,KG,actual,Retail,PHP,54.32,0.91
2026-01-15,Region VIII,Samar,Samar,4303,11.77,124.88,cereals and tubers,Rice (special),874,KG,actual,Retail,PHP,55.06,0.93
2026-01-15,Region X,Misamis Oriental,Misamis Oriental,4312,8.48,124.65,"meat, fish and eggs","Meat (pork, with bones)",856,KG,actual,Retail,PHP,275.0,4.62
2026-01-15,Region XI,Compostela Valley,Davao de Oro,4313,7.6,125.97,vegetables and fruits,Tomatoes,114,KG,actual,Retail,PHP,95.0,1.6
2026-01-15,Region XI,Davao del Norte,Davao del Norte,4314,7.45,125.8,"meat, fish and eggs",Eggs,92,Unit,actual,Retail,PHP,8.99,0.15
2026-01-15,Region XII,Sarangani,Sarangani,4319,6.1,125.29,vegetables and fruits,Carrots,166,KG,actual,Retail,PHP,103.75,1.74
2026-01-15,Autonomous region in Muslim Mindanao,Maguindanao,Maguindanao,4327,6.72,124.79,vegetables and fruits,Mangoes (piko),855,KG,actual,Retail,PHP,91.25,1.53
2026-01-15,Region III,Nueva Ecija,Nueva Ecija,4356,15.55,121.09,vegetables and fruits,Bitter melon,842,KG,actual,Retail,PHP,121.25,2.04
2026-01-15,Region VI,Iloilo,Iloilo,4360,10.69,122.57,vegetables and fruits,Garlic,105,KG,actual,Retail,PHP,171.0,2.87
2026-02-15,Cordillera Administrative region,Apayao,Apayao,4263,18.01,121.19,"meat, fish and eggs",Fish (roundscad),841,KG,actual,Retail,PHP,232.5,4.01
2026-02-15,Cordillera Administrative region,Ifugao,Ifugao,4264,16.8,121.12,vegetables and fruits,Onions (red),110,KG,actual,Retail,PHP,251.43,4.34
2026-02-15,Cordillera Administrative region,Ifugao,Ifugao,4264,16.8,121.12,pulses and nuts,Beans (mung),393,KG,actual,Retail,PHP,150.0,2.59
2026-02-15,Cordillera Administrative region,Kalinga,Kalinga,4265,17.47,121.47,vegetables and fruits,Onions (red),110,KG,actual,Retail,PHP,141.25,2.44
2026-02-15,Region IV-A,Laguna,Laguna,4280,14.29,121.41,"meat, fish and eggs",Crab,860,KG,actual,Retail,PHP,514.0,8.87
2026-02-15,Region V,Camarines Norte,Camarines Norte,4286,14.12,122.96,"meat, fish and eggs",Fish (tilapia),405,KG,actual,Retail,PHP,166.67,2.88
2026-02-15,Region VI,Capiz,Capiz,4293,11.58,122.76,"meat, fish and eggs",Eggs (duck),786,Unit,actual,Retail,PHP,10.33,0.18
2026-02-15,Region VIII,Biliran,Biliran,4299,11.56,124.39,vegetables and fruits,Mangoes (carabao),848,KG,actual,Retail,PHP,143.75,2.48
2026-02-15,Region VIII,Samar,Samar,4303,11.77,124.88,vegetables and fruits,Beans (string),406,KG,actual,Retail,PHP,147.5,2.55
2026-02-15,Region X,Bukidnon,Bukidnon,4308,8.15,125.13,vegetables and fruits,Tomatoes,114,KG,actual,Retail,PHP,83.31,1.44
2026-02-15,Region X,Misamis Occidental,Misamis Occidental,4311,8.48,123.81,"meat, fish and eggs",Eggs,92,Unit,actual,Retail,PHP,8.8,0.15
2026-02-15,Region III,Nueva Ecija,Nueva Ecija,4356,15.55,121.09,"meat, fish and eggs",Fish (slipmouth),862,KG,actual,Retail,PHP,283.33,4.89
2026-02-15,Region IV-A,Rizal,Rizal,4357,14.59,121.17,vegetables and fruits,Tomatoes,114,KG,actual,Retail,PHP,85.0,1.47
2026-02-15,Region IV-B,Palawan,Palawan,4358,9.78,118.74,cereals and tubers,"Rice (regular, milled)",80,KG,actual,Retail,PHP,39.94,0.69
2026-02-15,Region IV-B,Palawan,Palawan,4358,9.78,118.74,"meat, fish and eggs","Meat (pork, with bones)",856,KG,actual,Retail,PHP,300.0,5.18
2026-02-15,Region VI,Iloilo,Iloilo,4360,10.69,122.57,"meat, fish and eggs",Fish (threadfin bream),859,KG,actual,Retail,PHP,337.5,5.83
2026-02-15,Region XIII,Surigao del Sur,Surigao del Sur,4363,9.06,126.2,"meat, fish and eggs",Eggs,92,Unit,actual,Retail,PHP,9.88,0.17
2026-02-15,Region IV-A,Batangas,Batangas,4537,13.76,121.06,"meat, fish and eggs",Anchovies,711,KG,actual,Retail,PHP,117.5,2.03
2026-03-15,Cordillera Administrative region,Abra,Abra,4262,17.6,120.62,pulses and nuts,Beans (mung),393,KG,actual,Retail,PHP,136.25,2.28
2026-03-15,Cordillera Administrative region,Abra,Abra,4262,17.6,120.62,vegetables and fruits,Bananas (lakatan),845,KG,actual,Retail,PHP,126.25,2.11
2026-03-15,Region I,Ilocos Norte,Ilocos Norte,4267,18.19,120.6,vegetables and fruits,Onions (red),110,KG,actual,Retail,PHP,130.0,2.18
2026-03-15,Region III,Aurora,Aurora,4273,15.75,121.56,cereals and tubers,Potatoes (Irish),148,KG,actual,Retail,PHP,106.25,1.78
2026-03-15,Region IV-A,Cavite,Cavite,4279,14.42,120.94,vegetables and fruits,Cabbage,181,KG,actual,Retail,PHP,71.25,1.19
2026-03-15,Region IV-B,Oriental Mindoro,Oriental Mindoro,4284,13.41,121.18,vegetables and fruits,Tomatoes,114,KG,actual,Retail,PHP,85.0,1.42
2026-03-15,Region VI,Capiz,Capiz,4293,11.58,122.76,"meat, fish and eggs",Fish (slipmouth),862,KG,actual,Retail,PHP,243.75,4.08
2026-03-15,Region VI,Negros Occidental,Negros Occidental,4295,10.67,122.95,vegetables and fruits,Mangoes (carabao),848,KG,actual,Retail,PHP,183.75,3.08
2026-03-15,Region VIII,Southern Leyte,Southern Leyte,4304,10.13,124.83,vegetables and fruits,Squashes,340,KG,actual,Retail,PHP,57.5,0.96
2026-03-15,Region XI,Davao Oriental,Davao Oriental,4317,6.96,126.21,vegetables and fruits,Cabbage (chinese),843,KG,actual,Retail,PHP,89.38,1.5
2026-03-15,Region XII,Sarangani,Sarangani,4319,6.1,125.29,vegetables and fruits,Bitter melon,842,KG,actual,Retail,PHP,85.0,1.42
2026-03-15,Region XII,Sultan Kudarat,Sultan Kudarat,4320,6.63,124.6,vegetables and fruits,Eggplants,434,KG,actual,Retail,PHP,71.25,1.19
2026-03-15,Autonomous region in Muslim Mindanao,Maguindanao,Maguindanao,4327,6.72,124.79,vegetables and fruits,Bitter melon,842,KG,actual,Retail,PHP,65.25,1.09
2026-03-15,Region VII,Cebu,Cebu,4361,10.29,123.9,cereals and tubers,Potatoes (Irish),148,KG,actual,Retail,PHP,148.75,2.49
2026-03-15,Region XIII,Surigao del Sur,Surigao del Sur,4363,9.06,126.2,vegetables and fruits,Ginger,712,KG,actual,Retail,PHP,128.75,2.15
2026-04-15,National Capital region,Metropolitan Manila,Metro Manila,167,14.6,120.98,vegetables and fruits,Squashes,340,KG,actual,Retail,PHP,71.24,1.19
2026-04-15,Cordillera Administrative region,Ifugao,Ifugao,4264,16.8,121.12,vegetables and fruits,Coconut,684,KG,actual,Retail,PHP,38.57,0.64
2026-04-15,Cordillera Administrative region,Mountain Province,Mountain Province,4266,17.09,120.98,vegetables and fruits,Beans (string),406,KG,actual,Retail,PHP,117.5,1.96
2026-04-15,Region III,Bataan,Bataan,4274,14.67,120.53,cereals and tubers,Potatoes (Irish),148,KG,actual,Retail,PHP,98.88,1.65
2026-04-15,Region IV-A,Laguna,Laguna,4280,14.29,121.41,"meat, fish and eggs",Eggs (duck),786,Unit,actual,Retail,PHP,15.36,0.26
2026-04-15,Region V,Catanduanes,Catanduanes,4288,13.58,124.23,"meat, fish and eggs",Fish (milkfish),840,KG,actual,Retail,PHP,250.0,4.16
2026-04-15,Region VI,Capiz,Capiz,4293,11.58,122.76,cereals and tubers,Potatoes (Irish),148,KG,actual,Retail,PHP,156.25,2.6
2026-04-15,Region VIII,Biliran,Biliran,4299,11.56,124.39,"meat, fish and eggs",Shrimp (tiger),864,KG,actual,Retail,PHP,545.0,9.07
2026-04-15,Region X,Lanao del Norte,Lanao del Norte,4310,8.04,123.8,vegetables and fruits,Sweet Potato leaves,853,KG,actual,Retail,PHP,37.5,0.62
2026-04-15,Autonomous region in Muslim Mindanao,Basilan,Basilan,4325,6.66,122.14,vegetables and fruits,Squashes,340,KG,actual,Retail,PHP,58.57,0.98
2026-04-15,Region XIII,Surigao del Sur,Surigao del Sur,4363,9.06,126.2,vegetables and fruits,Bitter melon,842,KG,actual,Retail,PHP,92.5,1.54
2026-05-15,Region IX,Zamboanga del Sur,Zamboanga City,178,6.91,122.07,"meat, fish and eggs",Fish (milkfish),840,KG,actual,Retail,PHP,182.67,2.96
2026-05-15,Cordillera Administrative region,Apayao,Apayao,4263,18.01,121.19,cereals and tubers,Rice (well milled),872,KG,actual,Retail,PHP,47.62,0.77
2026-05-15,Region III,Aurora,Aurora,4273,15.75,121.56,"meat, fish and eggs",Eggs,92,Unit,actual,Retail,PHP,9.13,0.15
2026-05-15,Region IV-A,Laguna,Laguna,4280,14.29,121.41,cereals and tubers,Potatoes (Irish),148,KG,actual,Retail,PHP,91.0,1.48
2026-05-15,Region IV-A,Quezon,Quezon,4281,13.93,121.61,cereals and tubers,"Rice (regular, milled)",80,KG,actual,Retail,PHP,53.38,0.87
2026-05-15,Region IX,Zamboanga del Norte,Zamboanga del Norte,4305,8.59,123.34,vegetables and fruits,Coconut,684,KG,actual,Retail,PHP,34.17,0.55
2026-05-15,Region X,Misamis Occidental,Misamis Occidental,4311,8.48,123.81,vegetables and fruits,Beans (string),406,KG,actual,Retail,PHP,86.25,1.4
2026-05-15,Region X,Misamis Occidental,Misamis Occidental,4311,8.48,123.81,cereals and tubers,Rice (well milled),872,KG,actual,Retail,PHP,57.68,0.94
2026-05-15,Region XI,Davao del Norte,Davao del Norte,4314,7.45,125.8,"meat, fish and eggs",Meat (pork),140,KG,actual,Retail,PHP,335.0,5.44
2026-05-15,Region XIII,Agusan del Norte,Agusan del Norte,4321,9.12,125.55,vegetables and fruits,Beans (string),406,KG,actual,Retail,PHP,130.0,2.11
2026-05-15,Region XIII,Surigao del Norte,Surigao del Norte,4324,9.79,125.5,vegetables and fruits,Cabbage,181,KG,actual,Retail,PHP,94.5,1.53
2026-05-15,Autonomous region in Muslim Mindanao,Maguindanao,Maguindanao,4327,6.72,124.79,"meat, fish and eggs",Eggs (duck),786,Unit,actual,Retail,PHP,9.96,0.16
2026-05-15,Region III,Nueva Ecija,Nueva Ecija,4356,15.55,121.09,cereals and tubers,Potatoes (Irish),148,KG,actual,Retail,PHP,77.5,1.26
2026-05-15,Region IV-B,Palawan,Palawan,4358,9.78,118.74,"meat, fish and eggs",Eggs,92,Unit,actual,Retail,PHP,9.77,0.16
2026-05-15,Region IV-B,Palawan,Palawan,4358,9.78,118.74,vegetables and fruits,"Beans (green, fresh)",458,KG,actual,Retail,PHP,191.25,3.1
2026-05-15,Region IV-B,Palawan,Palawan,4358,9.78,118.74,vegetables and fruits,Coconut,684,KG,actual,Retail,PHP,36.67,0.6
2026-06-15,Region IX,Zamboanga del Sur,Zamboanga City,178,6.91,122.07,vegetables and fruits,Bananas (lakatan),845,KG,actual,Retail,PHP,93.0,1.54
2026-06-15,Region XI,Davao del Sur,Davao City,180,7.18,125.44,cereals and tubers,"Rice (regular, milled)",80,KG,actual,Retail,PHP,55.0,0.91
2026-06-15,Region III,Aurora,Aurora,4273,15.75,121.56,"meat, fish and eggs",Fish (tilapia),405,KG,actual,Retail,PHP,155.0,2.57
2026-06-15,Region IV-A,Quezon,Quezon,4281,13.93,121.61,"meat, fish and eggs",Eggs,92,Unit,actual,Retail,PHP,7.92,0.13
2026-06-15,Region IV-B,Marinduque,Marinduque,4282,13.45,121.84,"meat, fish and eggs",Fish (slipmouth),862,KG,actual,Retail,PHP,138.33,2.29
2026-06-15,Region V,Masbate,Masbate,4289,12.36,123.63,cereals and tubers,"Rice (regular, milled)",80,KG,actual,Retail,PHP,51.4,0.85
2026-06-15,Region VI,Guimaras,Guimaras,4294,10.67,122.59,vegetables and fruits,Bananas (saba),854,KG,actual,Retail,PHP,45.83,0.76
2026-06-15,Region VII,Negros Oriental,Negros Oriental,4297,9.31,123.31,vegetables and fruits,Bitter melon,842,KG,actual,Retail,PHP,101.25,1.68
2026-06-15,Region VIII,Samar,Samar,4303,11.77,124.88,cereals and tubers,"Rice (regular, milled)",80,KG,actual,Retail,PHP,50.07,0.83
2026-06-15,Region IX,Zamboanga Sibugay,Zamboanga Sibugay,4307,7.78,122.58,cereals and tubers,Rice (special),874,KG,actual,Retail,PHP,57.87,0.96
2026-06-15,Region XI,Compostela Valley,Davao de Oro,4313,7.6,125.97,"meat, fish and eggs",Eggs,92,Unit,actual,Retail,PHP,8.29,0.14
2026-06-15,Region XII,Sarangani,Sarangani,4319,6.1,125.29,"meat, fish and eggs",Eggs,92,Unit,actual,Retail,PHP,8.78,0.15
2026-06-15,Region XII,Sarangani,Sarangani,4319,6.1,125.29,"meat, fish and eggs",Shrimp (tiger),864,KG,actual,Retail,PHP,323.33,5.36
2026-06-15,Region XIII,Agusan del Sur,Agusan del Sur,4322,8.61,125.91,"meat, fish and eggs","Meat (beef, chops with bones)",123,KG,actual,Retail,PHP,404.38,6.7
2026-06-15,Region XIII,Surigao del Norte,Surigao del Norte,4324,9.79,125.5,"meat, fish and eggs","Meat (chicken, whole)",125,KG,actual,Retail,PHP,209.75,3.48
